order_id,customer_id,order_date,status
1,527,2025-08-10 15:10:19,Processing
2,80,2024-03-12 16:58:13,Delivered
3,1079,2025-08-22 22:21:21,Shipped
4,222,2025-10-13 08:40:11,Delivered
5,1132,2023-08-07 11:36:30,Processing
6,813,2023-08-28 07:51:16,Shipped
7,774,2024-10-18 10:53:48,Cancelled
8,171,2023-07-12 12:51:40,Processing
9,229,2023-04-12 08:36:08,Delivered
10,174,2023-01-03 17:23:40,Cancelled
11,74,2023-04-01 23:18:32,Pending
12,552,2023-03-28 02:57:03,Delivered
13,647,2023-10-19 20:21:07,Processing
14,202,2023-07-22 07:46:45,Cancelled
15,140,2024-09-14 03:15:31,Processing
16,1154,2025-04-23 03:41:54,Shipped
17,1011,2024-02-23 09:07:32,Cancelled
18,569,2023-08-27 18:56:03,Delivered
19,1092,2025-08-13 10:25:58,Delivered
20,286,2025-01-25 22:49:35,Processing
21,110,2024-01-04 19:23:36,Shipped
22,704,2024-08-26 20:25:53,Delivered
23,165,2024-08-08 05:45:32,Shipped
24,1115,2024-06-05 01:32:21,Delivered
25,750,2025-09-07 08:12:34,Delivered
26,365,2024-02-09 09:58:19,Shipped
27,111,2023-01-05 14:54:30,Delivered
28,8,2023-06-11 21:06:55,Pending
29,27,2023-03-22 14:11:17,Cancelled
30,661,2024-05-10 12:19:31,Processing
31,694,2025-10-22 08:32:14,Pending
32,222,2025-04-09 07:17:12,Processing
33,632,2024-11-21 18:12:32,Pending
34,117,2024-02-12 23:04:27,Shipped
35,1193,2025-01-29 10:28:15,Delivered
36,366,2023-06-04 09:18:01,Pending
37,424,2023-08-15 09:19:39,Pending
38,41,2023-09-04 17:19:35,Delivered
39,858,2023-11-02 22:57:07,Pending
40,269,2024-09-10 03:09:35,Pending
41,878,2025-07-16 21:37:49,Delivered
42,751,2024-04-22 05:51:17,Shipped
43,444,2024-02-21 04:00:09,Processing
44,151,2024-10-12 01:19:56,Processing
45,317,2023-12-28 15:03:50,Processing
46,348,2023-12-21 10:40:22,Cancelled
47,88,2024-06-14 00:23:04,Processing
48,203,2023-04-03 22:06:29,Processing
49,823,2025-09-03 17:37:55,Cancelled
50,226,2024-11-07 11:43:31,Cancelled
51,152,2025-10-06 12:25:04,Pending
52,667,2024-11-23 17:50:39,Processing
53,612,2023-01-05 21:45:20,Cancelled
54,233,2025-05-31 11:55:35,Delivered
55,50,2024-12-03 23:19:49,Cancelled
56,1023,2023-03-01 08:49:28,Shipped
57,981,2023-11-06 07:23:27,Pending
58,999,2025-02-15 10:41:19,Delivered
59,355,2023-08-20 18:40:04,Cancelled
60,779,2025-08-12 20:22:20,Delivered
61,1029,2024-09-10 09:42:19,Processing
62,1182,2023-11-10 16:03:28,Pending
63,372,2024-01-04 01:12:09,Delivered
64,53,2025-04-04 21:18:16,Processing
65,432,2025-08-06 03:10:56,Shipped
66,1028,2025-09-27 15:17:24,Pending
67,648,2023-04-02 02:14:10,Pending
68,248,2025-05-31 11:54:41,Cancelled
69,975,2024-02-10 07:26:09,Processing
70,475,2025-09-07 10:35:26,Processing
71,702,2024-03-17 21:14:53,Pending
72,441,2023-10-11 02:24:53,Shipped
73,57,2025-05-26 04:28:54,Cancelled
74,315,2023-05-27 15:25:58,Pending
75,169,2025-11-08 19:51:06,Cancelled
76,252,2025-04-26 23:52:46,Shipped
77,627,2025-10-23 00:38:33,Processing
78,381,2023-10-10 22:13:18,Shipped
79,411,2024-06-21 20:35:29,Pending
80,1137,2023-09-14 12:33:09,Cancelled
81,804,2025-04-29 10:07:38,Pending
82,903,2025-06-25 09:16:39,Processing
83,651,2023-01-03 22:19:58,Cancelled
84,188,2023-02-18 01:45:44,Delivered
85,349,2023-09-12 10:57:28,Pending
86,1187,2024-06-09 10:47:03,Processing
87,498,2025-03-19 15:24:21,Pending
88,821,2023-06-28 11:34:31,Cancelled
89,732,2024-08-03 16:37:58,Processing
90,1020,2024-07-20 12:32:50,Shipped
91,736,2024-03-23 12:31:42,Pending
92,856,2025-10-17 05:05:23,Cancelled
93,87,2023-06-08 06:05:57,Shipped
94,194,2025-05-03 11:52:21,Shipped
95,849,2025-07-29 09:28:04,Delivered
96,880,2023-02-02 04:28:16,Cancelled
97,174,2023-12-24 22:51:55,Shipped
98,541,2025-03-31 15:36:45,Processing
99,188,2023-05-27 18:05:51,Delivered
100,741,2023-04-24 11:22:23,Processing
101,759,2023-04-05 02:20:37,Shipped
102,244,2023-12-15 11:02:31,Cancelled
103,576,2025-10-26 11:21:47,Pending
104,634,2025-07-29 08:17:26,Processing
105,867,2025-02-03 05:42:20,Pending
106,58,2025-01-12 00:16:08,Cancelled
107,163,2023-09-27 15:37:22,Pending
108,1074,2024-08-08 06:38:04,Processing
109,360,2023-07-11 09:45:31,Processing
110,352,2025-10-24 20:21:03,Cancelled
111,891,2025-06-24 20:45:14,Processing
112,1066,2024-02-19 14:06:04,Cancelled
113,745,2023-04-10 01:52:22,Cancelled
114,689,2025-07-04 03:21:29,Pending
115,1058,2025-03-18 23:54:06,Pending
116,656,2023-06-21 00:05:51,Cancelled
117,877,2024-09-10 16:17:55,Cancelled
118,1192,2025-11-08 02:45:49,Cancelled
119,780,2025-03-26 17:53:50,Shipped
120,887,2025-05-14 04:31:24,Delivered
121,1066,2025-11-08 21:39:47,Delivered
122,952,2023-02-27 15:00:05,Cancelled
123,643,2024-02-02 18:10:27,Cancelled
124,969,2023-05-30 11:08:52,Pending
125,1008,2023-10-19 16:37:04,Shipped
126,621,2023-04-05 13:21:00,Delivered
127,45,2024-12-30 01:18:15,Pending
128,174,2024-11-27 04:44:41,Shipped
129,909,2023-05-31 16:54:40,Cancelled
130,646,2024-07-12 21:35:42,Pending
131,1077,2023-01-31 20:05:51,Processing
132,1109,2024-10-31 12:57:06,Processing
133,882,2023-08-23 16:22:39,Cancelled
134,437,2025-03-31 09:08:07,Processing
135,714,2023-07-09 16:23:06,Cancelled
136,1065,2025-09-11 01:52:39,Delivered
137,321,2024-05-05 01:37:39,Shipped
138,1154,2023-11-26 23:37:12,Cancelled
139,103,2024-12-25 21:05:48,Shipped
140,758,2025-01-03 19:32:15,Processing
141,941,2023-02-26 20:42:24,Processing
142,1097,2024-05-05 05:11:52,Shipped
143,463,2023-07-01 16:01:16,Cancelled
144,1142,2023-11-12 09:26:18,Shipped
145,444,2023-06-12 09:22:25,Pending
146,1141,2023-11-02 11:10:24,Cancelled
147,604,2023-10-26 01:53:33,Cancelled
148,758,2023-11-26 22:43:35,Pending
149,1074,2025-03-22 05:03:49,Cancelled
150,196,2024-02-29 04:54:07,Shipped
151,312,2025-02-08 12:27:59,Processing
152,1086,2025-09-23 17:09:21,Shipped
153,1042,2025-10-19 04:06:51,Delivered
154,720,2024-08-12 14:20:07,Pending
155,923,2025-02-21 23:20:29,Shipped
156,876,2023-01-21 03:26:40,Shipped
157,608,2023-03-18 18:48:37,Processing
158,164,2025-07-10 18:05:52,Cancelled
159,1117,2023-04-03 03:34:58,Processing
160,412,2024-05-25 04:28:28,Shipped
161,975,2025-11-09 20:44:30,Shipped
162,1008,2023-05-18 01:52:17,Shipped
163,976,2023-11-27 04:52:12,Cancelled
164,1135,2024-02-23 00:38:40,Processing
165,907,2024-11-24 07:48:52,Cancelled
166,1188,2024-06-05 06:03:38,Shipped
167,782,2025-08-14 14:40:27,Processing
168,575,2023-04-09 09:30:10,Shipped
169,272,2023-08-13 23:05:03,Pending
170,777,2024-04-23 21:58:36,Processing
171,761,2024-04-02 07:36:36,Cancelled
172,50,2023-11-06 09:44:11,Delivered
173,1018,2025-10-24 00:08:56,Processing
174,980,2023-11-18 01:00:02,Delivered
175,110,2024-09-22 17:41:26,Processing
176,1117,2024-10-28 06:20:17,Cancelled
177,411,2023-09-01 03:46:19,Delivered
178,357,2025-09-07 05:01:46,Shipped
179,145,2023-05-26 03:00:46,Shipped
180,288,2025-09-17 08:31:05,Cancelled
181,713,2024-07-07 02:19:23,Delivered
182,1063,2024-05-17 07:05:12,Processing
183,580,2023-08-02 17:45:57,Pending
184,436,2023-05-09 16:00:37,Processing
185,654,2025-04-12 13:06:45,Delivered
186,829,2025-06-08 18:10:49,Pending
187,119,2023-07-08 10:45:29,Pending
188,296,2024-07-27 21:42:51,Pending
189,785,2025-01-27 18:38:35,Processing
190,376,2025-09-12 12:26:02,Cancelled
191,1044,2025-07-24 09:57:07,Delivered
192,778,2024-06-09 10:07:38,Delivered
193,140,2023-06-03 12:39:37,Processing
194,470,2025-10-07 01:27:15,Shipped
195,438,2025-06-10 19:43:50,Pending
196,353,2023-02-28 22:01:55,Shipped
197,743,2024-12-31 18:41:38,Pending
198,341,2024-11-07 14:43:15,Pending
199,980,2023-06-30 15:00:17,Cancelled
200,1025,2023-06-30 12:56:10,Shipped
201,182,2023-05-15 02:26:04,Pending
202,79,2024-04-03 10:16:02,Shipped
203,19,2024-07-05 15:58:49,Pending
204,645,2024-12-21 16:33:21,Processing
205,373,2025-01-28 14:40:36,Cancelled
206,319,2025-06-04 07:06:29,Cancelled
207,146,2025-05-22 03:16:57,Processing
208,458,2024-03-21 20:27:08,Pending
209,287,2024-10-25 03:55:59,Delivered
210,387,2025-03-21 09:00:57,Delivered
211,1087,2024-10-17 07:49:55,Processing
212,429,2023-01-31 10:03:17,Delivered
213,790,2025-10-31 06:19:33,Shipped
214,667,2023-06-08 22:19:13,Delivered
215,360,2024-11-09 06:34:55,Delivered
216,17,2023-07-11 22:59:44,Delivered
217,462,2024-12-27 11:26:44,Pending
218,1138,2024-10-26 21:27:20,Processing
219,630,2025-06-25 16:45:08,Cancelled
220,11,2024-05-07 12:13:27,Shipped
221,1185,2025-09-21 22:52:10,Processing
222,787,2025-04-09 07:17:19,Shipped
223,732,2024-03-21 03:08:11,Delivered
224,309,2025-06-16 23:47:42,Delivered
225,122,2025-05-09 11:16:10,Cancelled
226,762,2023-09-04 13:45:28,Shipped
227,686,2025-02-16 01:40:04,Shipped
228,442,2023-05-27 10:03:34,Processing
229,325,2025-10-24 18:25:23,Shipped
230,722,2023-10-02 20:08:59,Shipped
231,678,2023-02-25 11:37:49,Cancelled
232,641,2023-12-11 22:18:57,Cancelled
233,149,2023-09-12 05:12:55,Delivered
234,14,2025-10-05 06:43:56,Cancelled
235,652,2024-11-25 22:41:27,Cancelled
236,924,2023-10-01 11:02:38,Delivered
237,346,2024-04-06 13:26:22,Cancelled
238,95,2024-07-27 15:56:24,Processing
239,450,2025-08-13 03:40:57,Cancelled
240,1086,2025-08-26 17:43:45,Delivered
241,1014,2023-10-23 22:19:20,Shipped
242,264,2024-08-09 12:11:44,Shipped
243,866,2025-08-25 20:49:10,Delivered
244,877,2025-06-09 18:47:32,Cancelled
245,49,2023-06-26 21:29:33,Pending
246,296,2024-01-04 15:52:57,Pending
247,864,2023-05-27 12:30:30,Pending
248,444,2023-07-06 16:41:24,Processing
249,1067,2023-12-11 16:29:45,Shipped
250,359,2025-05-06 13:41:55,Cancelled
251,848,2023-06-01 16:46:40,Cancelled
252,508,2024-04-28 05:17:24,Pending
253,624,2025-09-01 04:04:22,Pending
254,498,2023-06-11 11:44:11,Shipped
255,119,2023-11-08 06:12:30,Shipped
256,38,2024-05-19 22:21:07,Processing
257,185,2023-12-04 13:21:18,Pending
258,74,2023-01-28 12:13:42,Delivered
259,432,2023-08-30 08:50:50,Pending
260,1019,2025-11-03 15:56:48,Processing
261,203,2025-01-08 00:21:59,Delivered
262,244,2025-02-21 10:27:23,Shipped
263,426,2025-03-26 00:52:25,Processing
264,673,2025-05-23 23:56:09,Processing
265,264,2025-09-03 23:38:01,Processing
266,862,2025-02-08 08:41:23,Shipped
267,780,2024-09-28 17:03:46,Cancelled
268,340,2025-05-19 10:19:54,Shipped
269,37,2023-06-15 03:14:27,Delivered
270,510,2025-06-25 22:59:20,Delivered
271,3,2024-10-11 20:45:05,Cancelled
272,765,2024-09-12 20:45:07,Delivered
273,81,2024-10-25 08:19:59,Shipped
274,1156,2024-08-09 21:34:06,Delivered
275,191,2023-10-24 11:57:29,Shipped
276,679,2024-10-13 07:33:36,Delivered
277,612,2024-01-01 13:06:39,Processing
278,785,2023-03-03 19:21:08,Processing
279,294,2023-04-21 21:49:55,Cancelled
280,136,2023-12-02 21:08:14,Delivered
281,709,2025-02-19 10:00:40,Delivered
282,1127,2025-10-17 09:05:19,Cancelled
283,795,2025-06-12 07:39:09,Processing
284,795,2023-07-03 21:49:26,Pending
285,1038,2023-09-17 04:32:57,Processing
286,453,2025-09-25 09:43:13,Delivered
287,61,2024-11-24 19:09:27,Shipped
288,946,2024-09-16 18:22:43,Delivered
289,882,2023-08-16 22:56:32,Processing
290,476,2023-03-08 09:19:29,Delivered
291,1114,2023-09-03 02:48:51,Pending
292,62,2024-10-17 13:16:40,Pending
293,565,2024-01-29 21:45:23,Shipped
294,163,2025-08-28 04:39:34,Pending
295,921,2025-09-27 07:46:50,Pending
296,5,2023-02-01 00:32:25,Pending
297,62,2024-10-28 19:54:14,Cancelled
298,424,2025-02-15 07:50:51,Shipped
299,81,2025-08-10 09:50:48,Cancelled
300,371,2024-11-15 00:43:23,Processing
301,153,2023-02-08 19:07:19,Delivered
302,927,2024-12-13 22:03:22,Cancelled
303,1099,2025-01-11 01:44:54,Pending
304,600,2024-08-11 23:36:33,Delivered
305,327,2023-04-26 06:17:18,Processing
306,690,2024-07-21 13:38:11,Delivered
307,68,2023-06-18 08:53:52,Shipped
308,688,2025-04-28 23:07:01,Pending
309,742,2024-05-27 20:26:26,Processing
310,781,2023-07-02 18:26:54,Shipped
311,1117,2023-08-05 18:48:38,Delivered
312,262,2025-01-13 01:12:27,Shipped
313,993,2023-06-19 14:09:05,Processing
314,243,2025-10-15 09:03:26,Shipped
315,1180,2024-12-20 06:43:30,Cancelled
316,721,2023-01-17 04:37:28,Cancelled
317,279,2024-10-05 07:08:36,Delivered
318,898,2024-07-13 22:54:17,Cancelled
319,1107,2025-04-27 10:22:51,Cancelled
320,503,2025-03-06 14:53:34,Delivered
321,225,2024-06-08 16:36:22,Cancelled
322,180,2025-08-18 22:40:13,Processing
323,901,2024-10-27 06:52:44,Shipped
324,688,2024-10-10 12:53:48,Delivered
325,255,2023-04-17 22:05:00,Shipped
326,510,2024-07-10 00:15:33,Shipped
327,470,2025-05-13 16:14:49,Delivered
328,1046,2025-10-11 14:14:27,Pending
329,861,2024-02-24 06:31:38,Cancelled
330,493,2023-05-31 03:48:48,Pending
331,810,2024-10-10 15:09:27,Pending
332,140,2024-05-09 18:24:00,Delivered
333,8,2024-09-03 14:35:46,Processing
334,427,2023-05-16 23:08:13,Pending
335,659,2025-09-24 05:16:28,Cancelled
336,1063,2023-03-07 02:31:44,Pending
337,37,2024-10-22 14:41:09,Pending
338,277,2024-11-08 06:19:01,Pending
339,957,2023-02-11 08:57:25,Pending
340,1115,2024-01-01 21:05:43,Processing
341,1012,2025-03-08 06:00:06,Shipped
342,584,2023-03-02 20:08:46,Delivered
343,355,2023-07-10 20:12:11,Cancelled
344,547,2025-10-21 07:50:35,Shipped
345,266,2023-05-26 06:50:33,Cancelled
346,814,2023-04-11 08:07:57,Pending
347,1016,2023-09-12 08:53:41,Delivered
348,1007,2025-04-27 11:22:09,Shipped
349,688,2023-03-17 17:30:15,Processing
350,704,2023-02-12 07:03:12,Shipped
351,1186,2025-10-13 17:18:16,Shipped
352,615,2024-11-25 05:47:04,Delivered
353,1156,2025-03-27 19:42:03,Shipped
354,151,2024-09-14 06:33:23,Cancelled
355,134,2024-03-21 00:52:50,Shipped
356,739,2025-03-12 05:34:15,Shipped
357,764,2024-07-12 14:35:44,Processing
358,564,2023-08-06 18:32:16,Shipped
359,72,2023-05-04 06:03:40,Processing
360,913,2023-07-21 08:38:57,Processing
361,378,2023-08-01 02:08:55,Cancelled
362,792,2023-01-10 15:27:03,Pending
363,1118,2023-01-27 22:54:35,Delivered
364,367,2025-07-25 16:16:41,Processing
365,573,2025-10-26 20:09:01,Delivered
366,74,2024-01-10 04:49:54,Shipped
367,158,2024-02-06 15:36:34,Cancelled
368,962,2023-12-25 18:50:52,Cancelled
369,1017,2023-09-15 02:43:55,Processing
370,1041,2025-06-05 22:22:05,Delivered
371,116,2024-07-22 19:30:13,Delivered
372,1173,2024-01-04 03:20:03,Processing
373,826,2023-03-24 03:13:33,Processing
374,429,2025-03-08 21:39:45,Delivered
375,81,2025-08-21 20:55:35,Shipped
376,833,2023-12-21 19:54:02,Delivered
377,1161,2025-08-15 22:15:35,Cancelled
378,347,2025-07-31 03:52:52,Processing
379,206,2025-04-22 16:19:57,Cancelled
380,498,2024-06-29 19:31:33,Cancelled
381,787,2023-04-12 16:25:10,Processing
382,751,2023-06-17 16:19:27,Shipped
383,495,2024-06-29 08:21:38,Processing
384,293,2024-07-02 12:50:02,Shipped
385,17,2023-10-24 15:16:15,Delivered
386,970,2024-02-16 12:13:42,Shipped
387,688,2025-03-08 18:59:11,Pending
388,118,2024-11-04 00:59:06,Pending
389,665,2025-03-26 16:52:17,Pending
390,115,2023-09-15 04:57:44,Processing
391,450,2023-09-14 16:22:00,Pending
392,100,2023-07-30 08:00:00,Delivered
393,946,2024-10-01 20:09:44,Processing
394,903,2025-11-13 14:51:29,Processing
395,993,2023-02-14 09:07:16,Pending
396,570,2024-08-03 23:08:37,Pending
397,297,2024-03-20 22:13:41,Delivered
398,644,2025-04-29 13:13:38,Shipped
399,388,2025-03-15 06:53:35,Pending
400,869,2024-08-20 13:04:39,Cancelled
401,73,2024-03-09 20:24:20,Shipped
402,251,2025-06-19 23:17:30,Cancelled
403,75,2025-01-01 22:54:11,Pending
404,286,2024-04-01 22:42:49,Processing
405,32,2025-06-29 12:04:51,Delivered
406,387,2024-05-23 21:56:27,Processing
407,179,2025-01-04 10:17:58,Cancelled
408,704,2024-09-11 10:49:55,Processing
409,397,2023-01-04 11:43:43,Delivered
410,847,2025-03-06 01:04:51,Delivered
411,364,2024-06-04 15:05:17,Pending
412,1135,2025-08-02 17:03:00,Pending
413,1037,2023-03-30 22:26:15,Shipped
414,21,2025-07-24 23:17:19,Shipped
415,81,2025-02-23 03:30:03,Cancelled
416,312,2024-09-08 12:54:01,Processing
417,47,2025-05-02 20:48:34,Shipped
418,67,2025-06-27 06:35:50,Shipped
419,771,2025-07-17 20:30:45,Pending
420,654,2025-02-13 13:56:07,Delivered
421,121,2024-03-28 02:18:46,Shipped
422,452,2025-08-19 01:24:52,Cancelled
423,544,2024-11-25 06:00:59,Cancelled
424,1194,2023-03-01 09:49:14,Delivered
425,796,2025-03-31 00:09:39,Delivered
426,321,2024-05-11 20:05:07,Cancelled
427,146,2023-02-02 04:56:30,Processing
428,598,2023-10-27 14:09:45,Cancelled
429,169,2023-05-04 08:28:06,Delivered
430,1118,2025-02-13 20:06:57,Delivered
431,253,2023-05-07 12:34:42,Cancelled
432,1081,2025-01-11 06:02:26,Processing
433,338,2024-01-30 16:02:15,Shipped
434,1195,2024-04-13 23:09:51,Cancelled
435,60,2024-03-01 12:30:42,Pending
436,802,2025-08-19 05:59:59,Processing
437,600,2024-07-20 11:46:15,Shipped
438,147,2025-05-17 08:50:41,Cancelled
439,24,2025-08-17 13:39:37,Pending
440,798,2025-01-19 02:58:26,Pending
441,555,2023-11-14 04:20:14,Delivered
442,41,2023-07-26 19:09:43,Delivered
443,954,2025-09-25 22:50:55,Shipped
444,304,2025-05-25 14:42:10,Shipped
445,899,2023-04-27 03:21:19,Shipped
446,101,2024-10-06 13:10:16,Delivered
447,858,2023-07-09 17:20:06,Processing
448,978,2024-11-04 02:24:59,Delivered
449,989,2025-02-14 21:18:11,Processing
450,1152,2023-04-14 16:44:28,Pending
451,900,2024-08-29 00:10:12,Delivered
452,1073,2025-07-10 01:59:54,Delivered
453,248,2025-04-03 15:40:03,Pending
454,209,2024-12-22 07:51:12,Shipped
455,74,2025-07-22 09:09:19,Shipped
456,102,2023-04-28 00:36:50,Processing
457,1005,2024-10-01 09:12:36,Shipped
458,693,2024-10-18 06:37:46,Pending
459,569,2023-10-27 04:52:04,Cancelled
460,754,2024-08-26 23:21:20,Pending
461,63,2024-12-23 11:08:05,Delivered
462,679,2024-04-28 17:59:41,Delivered
463,1161,2023-07-05 14:44:07,Cancelled
464,29,2024-06-11 10:18:07,Shipped
465,594,2023-07-04 21:23:45,Delivered
466,1012,2024-10-02 07:38:32,Pending
467,1023,2025-04-24 02:31:57,Shipped
468,737,2025-07-28 16:41:24,Cancelled
469,1048,2024-07-19 22:26:33,Shipped
470,390,2024-03-25 06:09:01,Shipped
471,697,2024-07-05 06:54:04,Pending
472,1108,2024-09-30 23:18:58,Shipped
473,233,2025-07-27 04:53:07,Processing
474,451,2024-11-28 07:01:06,Pending
475,1066,2024-01-15 14:17:15,Cancelled
476,179,2024-08-17 12:56:02,Cancelled
477,773,2025-01-29 02:00:52,Delivered
478,283,2023-09-27 03:55:59,Pending
479,1110,2024-02-20 06:33:08,Processing
480,566,2025-10-10 14:14:05,Pending
481,313,2024-04-08 18:27:30,Pending
482,1035,2024-05-14 22:45:26,Processing
483,842,2023-10-23 08:42:03,Pending
484,182,2025-03-09 11:28:53,Shipped
485,210,2025-01-03 12:09:59,Shipped
486,661,2024-02-06 17:10:54,Shipped
487,210,2023-11-08 18:16:28,Cancelled
488,1017,2024-10-25 05:36:25,Delivered
489,1158,2023-04-10 01:05:36,Delivered
490,741,2024-03-02 14:13:58,Processing
491,998,2025-07-17 21:41:06,Pending
492,460,2023-12-03 14:58:24,Processing
493,188,2025-10-19 15:18:38,Cancelled
494,812,2023-04-17 16:25:53,Processing
495,758,2024-05-29 21:30:39,Shipped
496,1192,2025-07-08 11:48:05,Delivered
497,386,2024-10-15 01:45:43,Pending
498,1161,2024-12-15 05:12:43,Shipped
499,323,2023-04-10 16:12:52,Cancelled
500,1188,2025-10-11 00:20:44,Processing
501,1075,2025-09-18 19:53:41,Delivered
502,714,2023-06-06 14:43:08,Shipped
503,659,2024-02-05 16:07:23,Processing
504,84,2023-07-25 20:14:51,Cancelled
505,483,2025-04-03 17:29:49,Delivered
506,829,2025-03-09 13:34:07,Shipped
507,81,2024-05-31 00:47:09,Shipped
508,1114,2025-11-12 03:01:00,Delivered
509,49,2024-09-25 15:12:21,Cancelled
510,283,2023-05-08 17:37:29,Processing
511,896,2025-10-30 11:49:40,Shipped
512,639,2025-11-05 10:53:26,Cancelled
513,927,2023-08-14 21:18:29,Processing
514,451,2025-01-23 17:02:47,Shipped
515,35,2025-07-14 09:42:41,Processing
516,306,2025-09-07 15:20:06,Shipped
517,1041,2025-10-16 19:03:33,Pending
518,1028,2024-03-07 23:10:15,Processing
519,191,2025-03-15 13:08:14,Cancelled
520,989,2025-05-12 02:16:46,Pending
521,364,2025-02-13 11:31:41,Cancelled
522,37,2025-06-27 22:40:02,Shipped
523,812,2024-06-30 12:00:24,Shipped
524,1086,2023-12-08 01:11:02,Pending
525,20,2023-05-19 21:50:09,Pending
526,878,2023-05-13 00:07:53,Shipped
527,311,2023-05-31 10:34:26,Delivered
528,1055,2023-09-24 12:34:32,Processing
529,944,2023-02-05 16:49:12,Delivered
530,1119,2023-12-08 19:44:31,Processing
531,801,2025-03-12 07:22:51,Cancelled
532,725,2025-03-04 17:00:40,Cancelled
533,1079,2023-03-13 12:58:51,Delivered
534,602,2025-11-04 16:41:28,Delivered
535,902,2023-05-18 13:02:13,Shipped
536,319,2025-01-11 02:29:50,Processing
537,430,2025-06-09 04:33:36,Delivered
538,340,2025-04-15 21:41:57,Processing
539,386,2024-12-01 17:30:31,Shipped
540,187,2025-09-03 16:50:08,Cancelled
541,1102,2024-03-07 00:49:45,Delivered
542,802,2025-05-21 18:05:45,Shipped
543,642,2024-11-01 21:20:55,Processing
544,1000,2024-11-08 11:21:11,Processing
545,168,2025-01-04 14:49:16,Delivered
546,539,2025-07-29 00:58:34,Shipped
547,634,2023-04-06 11:23:48,Processing
548,267,2023-09-05 11:01:07,Delivered
549,35,2023-03-17 08:26:38,Processing
550,675,2025-04-20 12:28:40,Cancelled
551,320,2024-07-12 08:17:09,Pending
552,1030,2023-10-11 08:14:44,Delivered
553,399,2024-08-21 23:52:06,Cancelled
554,787,2023-04-06 20:48:52,Delivered
555,602,2024-03-18 10:24:17,Delivered
556,55,2025-09-27 10:55:40,Delivered
557,885,2025-06-03 12:44:53,Processing
558,719,2025-02-12 16:51:57,Delivered
559,1060,2025-01-03 21:03:02,Shipped
560,300,2023-09-28 03:11:44,Shipped
561,56,2023-12-27 10:27:34,Pending
562,340,2024-01-30 08:42:07,Shipped
563,173,2023-08-05 08:41:42,Processing
564,851,2024-03-05 23:43:43,Processing
565,1172,2025-02-19 14:42:21,Pending
566,26,2023-06-30 07:29:22,Pending
567,891,2024-04-08 22:00:20,Shipped
568,550,2024-05-04 10:49:38,Processing
569,290,2023-12-03 23:08:15,Cancelled
570,365,2024-06-15 16:10:47,Shipped
571,486,2025-09-05 02:32:28,Delivered
572,94,2023-05-27 21:13:44,Cancelled
573,191,2025-03-10 05:22:04,Cancelled
574,208,2025-10-03 10:03:14,Processing
575,493,2025-06-18 00:54:53,Processing
576,393,2024-12-08 14:11:06,Processing
577,405,2024-02-02 02:15:42,Delivered
578,40,2024-05-13 06:21:20,Cancelled
579,878,2025-03-01 16:44:19,Delivered
580,540,2023-03-01 17:25:02,Cancelled
581,373,2024-05-16 00:33:31,Shipped
582,998,2023-01-11 02:29:47,Processing
583,181,2023-04-26 18:32:38,Pending
584,1066,2023-01-28 04:30:56,Cancelled
585,134,2023-07-03 13:37:30,Processing
586,272,2025-10-16 00:58:14,Pending
587,1162,2025-03-10 21:59:15,Delivered
588,204,2024-09-25 15:16:58,Cancelled
589,354,2025-05-23 14:41:28,Shipped
590,834,2024-01-25 21:57:51,Processing
591,516,2024-06-21 21:05:33,Processing
592,319,2023-09-18 01:15:12,Pending
593,207,2025-01-14 16:49:30,Shipped
594,824,2023-02-20 20:20:31,Delivered
595,718,2023-12-22 06:00:41,Cancelled
596,984,2023-02-16 08:17:20,Pending
597,829,2025-03-02 15:39:40,Delivered
598,972,2023-03-26 22:41:40,Cancelled
599,460,2024-05-19 11:31:06,Delivered
600,317,2023-01-23 12:29:50,Cancelled
601,1134,2024-06-30 12:05:09,Shipped
602,747,2025-07-19 04:58:45,Shipped
603,226,2023-06-02 22:34:48,Delivered
604,444,2023-08-05 02:21:34,Pending
605,423,2024-05-25 06:09:23,Processing
606,1070,2023-07-24 16:15:41,Processing
607,900,2025-08-23 17:06:06,Cancelled
608,223,2025-03-10 17:15:17,Cancelled
609,341,2025-09-07 00:08:46,Processing
610,273,2023-10-14 05:14:03,Cancelled
611,1129,2025-04-01 06:43:06,Cancelled
612,186,2024-12-16 02:20:30,Delivered
613,639,2023-10-28 07:31:09,Pending
614,543,2024-09-22 22:01:00,Processing
615,755,2024-04-30 09:36:41,Cancelled
616,640,2024-06-01 04:10:39,Delivered
617,526,2024-06-30 09:26:22,Processing
618,817,2025-01-08 02:38:38,Processing
619,356,2024-08-04 09:20:52,Shipped
620,292,2025-05-20 10:46:18,Cancelled
621,120,2025-02-08 14:31:29,Shipped
622,1098,2023-03-30 06:32:08,Delivered
623,800,2023-10-19 16:31:57,Pending
624,234,2024-01-16 10:34:14,Shipped
625,1021,2024-06-16 15:26:36,Delivered
626,1054,2025-04-20 14:05:37,Shipped
627,1086,2023-12-07 07:38:03,Shipped
628,402,2024-11-14 02:05:11,Cancelled
629,188,2025-07-31 23:47:23,Pending
630,142,2025-07-13 09:51:32,Delivered
631,704,2023-09-15 16:46:49,Delivered
632,578,2025-10-27 14:37:23,Delivered
633,1086,2024-05-06 17:39:44,Shipped
634,980,2023-08-07 15:05:07,Cancelled
635,332,2023-02-02 06:35:28,Pending
636,575,2024-03-13 09:06:36,Pending
637,1109,2023-02-04 05:48:23,Processing
638,112,2024-06-13 07:12:34,Shipped
639,1058,2023-01-25 22:49:33,Pending
640,441,2024-01-30 20:51:35,Processing
641,1132,2023-05-17 11:56:40,Shipped
642,950,2024-03-07 03:46:45,Processing
643,1154,2024-09-26 01:12:59,Cancelled
644,819,2023-06-19 02:18:36,Processing
645,902,2024-10-11 08:09:45,Delivered
646,1163,2025-07-18 22:55:07,Cancelled
647,594,2024-09-28 01:54:18,Pending
648,1166,2023-05-02 02:36:50,Shipped
649,1097,2025-07-28 11:54:45,Pending
650,1165,2024-07-04 04:19:09,Processing
651,476,2023-02-05 18:12:31,Shipped
652,44,2024-04-14 01:25:49,Pending
653,835,2023-05-23 06:44:42,Shipped
654,333,2024-08-10 16:00:47,Processing
655,934,2023-02-02 05:28:45,Delivered
656,436,2025-02-10 10:28:52,Processing
657,690,2023-10-21 04:00:22,Cancelled
658,482,2023-04-07 17:50:54,Shipped
659,498,2025-09-21 20:19:58,Processing
660,647,2025-09-15 07:57:08,Delivered
661,922,2024-05-31 06:47:32,Delivered
662,203,2023-03-04 06:05:23,Cancelled
663,131,2025-08-25 00:40:14,Processing
664,1044,2023-04-28 15:23:30,Shipped
665,1029,2025-05-23 16:28:20,Processing
666,1103,2025-10-29 09:17:11,Delivered
667,1052,2024-05-17 02:25:01,Shipped
668,805,2024-02-29 22:42:42,Cancelled
669,1184,2023-09-20 10:52:11,Cancelled
670,60,2024-08-31 11:51:02,Shipped
671,1093,2024-09-16 17:47:54,Processing
672,142,2023-08-04 00:33:39,Delivered
673,866,2025-05-13 06:16:12,Shipped
674,1160,2024-06-15 01:08:46,Processing
675,463,2024-04-01 22:07:44,Shipped
676,997,2024-01-31 01:40:27,Shipped
677,1103,2023-06-03 00:02:05,Cancelled
678,724,2025-03-22 13:13:22,Shipped
679,22,2024-07-31 00:10:56,Cancelled
680,239,2025-07-23 12:33:10,Delivered
681,669,2024-08-06 06:02:46,Pending
682,756,2023-02-13 21:33:10,Pending
683,635,2025-03-31 09:01:51,Cancelled
684,167,2023-07-24 09:16:54,Delivered
685,469,2024-01-24 17:30:32,Delivered
686,616,2024-05-10 12:02:13,Processing
687,260,2023-07-07 19:44:54,Cancelled
688,256,2025-05-25 00:06:09,Cancelled
689,1125,2025-01-02 15:39:57,Cancelled
690,852,2024-02-21 12:59:44,Processing
691,268,2024-08-19 08:36:25,Delivered
692,547,2025-02-14 18:21:13,Processing
693,175,2024-09-19 10:56:46,Delivered
694,136,2023-05-21 12:49:47,Shipped
695,344,2025-09-06 11:58:51,Delivered
696,215,2025-10-12 18:50:23,Delivered
697,484,2025-08-10 11:03:07,Delivered
698,515,2024-10-27 01:03:03,Cancelled
699,449,2025-06-27 20:16:08,Delivered
700,867,2023-07-08 03:09:14,Delivered
701,572,2025-03-04 03:22:22,Shipped
702,301,2023-08-18 19:06:42,Cancelled
703,366,2025-08-22 02:52:17,Pending
704,770,2023-11-20 11:15:02,Shipped
705,1028,2023-10-14 02:52:05,Cancelled
706,135,2023-01-26 22:24:00,Delivered
707,42,2024-07-04 16:39:58,Delivered
708,524,2024-12-02 04:07:13,Pending
709,1176,2025-05-18 05:14:42,Delivered
710,126,2024-08-15 18:51:51,Delivered
711,327,2023-06-09 02:59:03,Shipped
712,218,2025-08-04 11:02:30,Cancelled
713,1123,2024-05-22 01:02:56,Cancelled
714,220,2023-07-29 17:46:55,Processing
715,3,2024-01-10 08:25:49,Delivered
716,673,2024-09-01 05:17:08,Delivered
717,443,2024-07-13 14:19:45,Shipped
718,1200,2023-01-27 10:34:12,Pending
719,76,2024-01-15 18:00:07,Processing
720,719,2025-04-19 15:31:28,Cancelled
721,455,2025-04-22 19:47:12,Shipped
722,827,2025-08-11 10:04:15,Cancelled
723,409,2024-04-03 13:57:27,Processing
724,901,2023-11-09 14:34:29,Shipped
725,945,2023-12-26 17:58:42,Cancelled
726,226,2024-11-11 00:42:12,Delivered
727,526,2024-01-08 08:53:15,Delivered
728,465,2023-09-20 11:33:39,Cancelled
729,635,2023-11-11 05:40:14,Shipped
730,353,2023-08-25 06:31:02,Cancelled
731,736,2023-01-05 13:13:15,Pending
732,573,2023-06-24 15:19:29,Pending
733,659,2024-05-25 05:04:58,Shipped
734,1092,2024-05-31 03:22:33,Pending
735,213,2023-05-06 01:44:31,Processing
736,1044,2024-12-13 12:26:00,Pending
737,978,2024-05-28 12:15:40,Pending
738,259,2023-10-01 11:29:32,Cancelled
739,886,2023-01-08 03:08:46,Pending
740,258,2024-05-11 19:16:32,Pending
741,1196,2025-09-22 04:48:37,Processing
742,607,2025-01-16 04:54:21,Pending
743,998,2024-10-23 19:03:42,Delivered
744,733,2025-09-20 03:44:21,Shipped
745,973,2023-11-14 13:55:29,Cancelled
746,281,2023-01-27 03:11:01,Pending
747,768,2023-05-05 23:05:55,Cancelled
748,966,2023-01-01 19:42:04,Delivered
749,417,2024-03-21 10:02:18,Delivered
750,488,2024-04-14 13:06:23,Processing
751,1082,2025-01-03 14:43:45,Shipped
752,917,2025-07-19 18:30:57,Pending
753,905,2025-05-20 08:15:07,Pending
754,1164,2025-05-24 06:19:44,Processing
755,129,2023-05-12 03:52:29,Pending
756,810,2023-06-03 08:19:57,Processing
757,297,2023-05-30 00:04:08,Cancelled
758,980,2025-04-27 05:56:11,Processing
759,6,2024-07-12 10:28:20,Shipped
760,458,2024-10-30 08:47:12,Pending
761,961,2025-07-01 12:46:25,Shipped
762,405,2023-04-04 08:53:07,Processing
763,57,2023-01-04 06:08:19,Delivered
764,967,2024-04-22 23:09:15,Pending
765,863,2023-02-18 08:57:01,Cancelled
766,450,2024-09-17 09:36:14,Cancelled
767,829,2025-10-02 22:08:15,Shipped
768,548,2024-09-12 21:41:05,Delivered
769,259,2024-07-23 22:41:32,Cancelled
770,768,2023-12-15 16:12:48,Cancelled
771,1049,2024-01-12 10:40:08,Processing
772,701,2023-09-25 00:43:34,Processing
773,501,2023-11-15 16:13:19,Cancelled
774,291,2025-11-10 10:47:18,Pending
775,629,2024-12-19 09:56:14,Processing
776,462,2023-01-16 01:25:23,Pending
777,194,2023-03-26 09:58:12,Processing
778,1132,2025-10-21 15:21:40,Delivered
779,137,2023-08-10 18:02:09,Shipped
780,898,2025-02-27 04:26:23,Shipped
781,282,2025-08-31 03:26:36,Pending
782,240,2024-02-12 01:51:28,Cancelled
783,1,2023-11-10 05:24:32,Pending
784,414,2025-01-03 10:44:08,Pending
785,252,2024-11-14 16:43:10,Processing
786,796,2023-12-23 19:15:37,Processing
787,1011,2024-05-30 20:16:32,Cancelled
788,779,2024-01-06 16:48:45,Shipped
789,1078,2024-05-13 22:21:30,Delivered
790,74,2024-02-01 21:25:55,Cancelled
791,1173,2025-01-27 20:23:58,Cancelled
792,203,2024-12-25 14:17:16,Delivered
793,977,2024-05-24 13:24:11,Processing
794,728,2024-08-11 20:04:25,Shipped
795,917,2023-03-30 16:34:11,Cancelled
796,817,2024-07-31 11:09:03,Processing
797,489,2023-04-17 11:29:16,Cancelled
798,244,2024-12-07 16:27:53,Cancelled
799,663,2025-01-11 16:18:01,Cancelled
800,426,2023-06-25 21:39:43,Pending
801,736,2023-04-09 03:59:28,Delivered
802,605,2023-05-17 02:39:50,Processing
803,1080,2025-04-02 13:06:56,Delivered
804,700,2025-09-15 05:43:35,Delivered
805,10,2023-09-19 12:01:41,Processing
806,13,2023-10-05 04:55:39,Delivered
807,1075,2023-08-11 09:00:07,Cancelled
808,441,2025-08-30 08:29:31,Processing
809,383,2024-08-21 21:53:19,Cancelled
810,773,2024-02-29 10:31:41,Processing
811,214,2023-08-13 16:18:17,Shipped
812,979,2023-06-25 19:04:43,Pending
813,17,2024-12-02 03:26:06,Delivered
814,9,2025-05-07 11:45:28,Processing
815,362,2024-05-19 17:25:22,Delivered
816,713,2025-05-28 21:26:59,Processing
817,894,2025-05-28 03:57:42,Cancelled
818,668,2023-12-14 08:59:01,Processing
819,159,2024-09-11 01:35:19,Cancelled
820,1045,2024-02-06 04:14:51,Cancelled
821,464,2024-12-28 16:09:38,Cancelled
822,987,2023-06-06 11:09:51,Shipped
823,1174,2024-10-24 17:32:11,Delivered
824,1152,2025-09-17 13:30:44,Cancelled
825,826,2024-07-22 02:55:40,Processing
826,1002,2023-05-13 01:08:40,Delivered
827,387,2025-07-17 23:11:23,Processing
828,42,2023-09-23 11:32:40,Delivered
829,409,2023-01-14 23:06:54,Cancelled
830,573,2023-05-21 04:43:03,Delivered
831,104,2025-10-07 04:43:44,Processing
832,1022,2023-02-11 11:14:05,Shipped
833,560,2025-04-21 23:56:47,Shipped
834,1020,2025-11-08 20:44:53,Processing
835,288,2024-06-22 22:33:14,Pending
836,766,2023-08-07 05:56:44,Cancelled
837,5,2023-02-24 11:21:13,Pending
838,80,2023-02-19 09:24:45,Processing
839,173,2025-07-05 02:43:21,Cancelled
840,368,2024-06-06 23:43:45,Cancelled
841,784,2024-10-03 05:09:03,Cancelled
842,1152,2025-04-18 17:22:09,Pending
843,570,2024-11-08 23:25:17,Cancelled
844,359,2024-01-17 02:22:30,Shipped
845,907,2023-02-09 01:53:14,Shipped
846,233,2023-07-28 05:52:06,Shipped
847,725,2023-10-11 12:36:34,Pending
848,1005,2024-07-09 11:42:48,Cancelled
849,203,2023-10-29 07:04:14,Processing
850,1019,2024-03-23 11:22:02,Delivered
851,298,2025-03-06 23:06:25,Cancelled
852,373,2025-03-15 15:05:45,Pending
853,116,2025-07-02 06:32:41,Shipped
854,1054,2025-07-19 20:31:51,Pending
855,730,2024-02-19 17:06:40,Cancelled
856,529,2023-01-10 09:38:39,Cancelled
857,374,2024-09-16 01:47:37,Processing
858,662,2024-08-29 15:57:30,Cancelled
859,364,2025-04-23 05:37:19,Shipped
860,575,2024-09-11 07:27:58,Delivered
861,92,2025-08-16 07:15:33,Processing
862,295,2024-02-03 15:45:11,Processing
863,323,2023-08-18 15:28:30,Shipped
864,128,2025-07-24 05:51:31,Pending
865,898,2025-11-08 02:05:48,Delivered
866,279,2025-10-12 20:07:18,Shipped
867,673,2023-08-01 11:31:01,Pending
868,300,2025-03-23 03:12:06,Shipped
869,1072,2023-06-07 08:51:51,Delivered
870,196,2023-07-28 18:28:48,Delivered
871,76,2024-07-11 03:32:58,Cancelled
872,421,2023-08-26 23:48:27,Processing
873,869,2025-11-04 16:44:21,Processing
874,1188,2025-10-22 14:00:07,Shipped
875,125,2024-10-22 19:52:58,Shipped
876,831,2023-04-06 14:09:53,Delivered
877,66,2025-10-02 18:07:43,Cancelled
878,386,2023-11-02 02:30:35,Pending
879,908,2024-08-29 20:57:41,Cancelled
880,916,2023-07-10 11:31:01,Cancelled
881,1042,2024-12-05 01:31:26,Shipped
882,722,2025-09-08 00:37:10,Shipped
883,700,2025-07-30 06:48:44,Cancelled
884,583,2023-05-07 13:44:34,Delivered
885,259,2024-10-16 12:43:06,Pending
886,761,2025-07-26 09:34:33,Processing
887,522,2023-07-29 14:58:50,Shipped
888,640,2024-12-11 14:12:40,Pending
889,254,2024-11-02 07:12:29,Delivered
890,124,2025-09-03 13:50:19,Delivered
891,1000,2025-03-23 02:21:30,Delivered
892,837,2024-02-15 03:31:03,Pending
893,190,2023-06-10 18:20:36,Delivered
894,636,2025-05-29 10:33:36,Shipped
895,1187,2024-06-27 17:57:17,Delivered
896,450,2024-05-06 16:26:38,Delivered
897,261,2024-12-31 10:05:19,Delivered
898,819,2025-10-10 13:49:56,Cancelled
899,643,2023-07-22 08:49:54,Pending
900,266,2023-05-26 19:17:09,Pending
901,753,2024-06-29 04:35:45,Delivered
902,140,2023-07-29 14:33:26,Delivered
903,501,2023-02-07 02:27:31,Pending
904,386,2025-08-03 16:54:34,Cancelled
905,769,2025-08-25 21:11:02,Delivered
906,400,2023-11-14 01:12:15,Shipped
907,777,2025-03-14 22:51:42,Cancelled
908,576,2025-07-14 11:12:43,Pending
909,367,2024-10-16 07:18:33,Cancelled
910,571,2024-02-20 05:17:18,Processing
911,929,2023-06-26 18:10:47,Shipped
912,820,2023-02-17 12:54:32,Processing
913,589,2023-01-04 23:01:08,Shipped
914,679,2024-03-20 21:38:42,Pending
915,646,2025-08-28 00:07:19,Cancelled
916,1125,2023-02-01 21:10:08,Shipped
917,294,2025-03-28 21:15:46,Cancelled
918,559,2023-05-10 07:11:01,Processing
919,558,2024-04-15 16:43:08,Shipped
920,1076,2025-03-28 08:33:29,Cancelled
921,47,2025-07-14 11:38:58,Pending
922,1160,2024-10-28 14:30:46,Processing
923,1099,2025-03-18 04:34:45,Cancelled
924,513,2023-06-03 14:24:23,Cancelled
925,719,2023-08-01 20:49:30,Shipped
926,1052,2025-04-12 00:59:04,Processing
927,949,2023-05-13 14:23:17,Shipped
928,797,2025-08-07 23:37:09,Processing
929,554,2023-07-27 21:27:58,Processing
930,555,2025-02-21 09:21:51,Processing
931,1082,2025-03-08 18:28:32,Processing
932,112,2024-10-13 08:57:02,Shipped
933,567,2024-04-07 11:02:45,Cancelled
934,550,2023-09-07 09:56:25,Shipped
935,906,2023-05-13 19:37:24,Cancelled
936,1020,2023-07-29 23:03:31,Processing
937,1060,2024-09-14 18:00:55,Pending
938,515,2024-11-05 05:10:41,Processing
939,619,2025-03-03 06:30:36,Processing
940,548,2023-05-01 10:56:39,Processing
941,293,2025-08-20 11:48:24,Processing
942,406,2024-01-18 01:22:09,Delivered
943,843,2023-04-07 17:04:43,Processing
944,920,2023-08-09 23:52:34,Delivered
945,157,2023-09-16 15:18:19,Delivered
946,140,2024-02-25 15:31:39,Cancelled
947,953,2024-07-25 13:24:30,Cancelled
948,686,2023-12-22 14:05:26,Delivered
949,1048,2025-09-28 18:58:19,Shipped
950,28,2023-04-13 19:44:31,Delivered
951,719,2023-06-12 06:11:42,Processing
952,1054,2023-07-09 05:42:48,Processing
953,299,2024-11-25 19:16:50,Pending
954,803,2024-04-13 19:10:36,Processing
955,257,2025-02-24 13:32:24,Processing
956,245,2025-05-19 12:16:35,Delivered
957,74,2025-09-15 03:10:15,Cancelled
958,506,2023-09-06 07:21:33,Processing
959,798,2024-07-14 19:01:08,Pending
960,1040,2024-05-16 05:50:49,Delivered
961,55,2024-02-14 18:23:09,Shipped
962,125,2024-10-13 09:39:54,Processing
963,1182,2024-02-02 18:45:57,Delivered
964,797,2023-01-03 14:51:46,Delivered
965,351,2023-09-25 00:01:50,Cancelled
966,98,2023-11-16 09:25:25,Cancelled
967,160,2025-10-22 14:24:30,Shipped
968,121,2024-10-25 05:55:31,Pending
969,1129,2024-04-24 20:17:31,Shipped
970,697,2024-05-26 03:33:32,Delivered
971,889,2023-01-27 07:41:14,Shipped
972,1013,2024-05-19 12:10:56,Delivered
973,987,2025-05-19 12:27:55,Delivered
974,1068,2024-03-22 13:12:00,Cancelled
975,458,2025-07-25 16:14:30,Processing
976,655,2024-03-25 13:25:20,Processing
977,1129,2024-05-17 08:43:54,Delivered
978,924,2024-12-28 17:37:15,Pending
979,1114,2024-04-28 17:17:35,Pending
980,484,2025-08-24 00:41:47,Cancelled
981,551,2023-03-24 08:54:04,Pending
982,816,2025-08-10 16:50:41,Cancelled
983,419,2025-10-17 01:50:22,Shipped
984,1137,2025-03-07 22:07:20,Pending
985,272,2024-12-10 08:37:37,Delivered
986,737,2025-09-21 22:06:31,Processing
987,734,2023-09-10 05:42:50,Delivered
988,1102,2025-10-11 06:21:54,Processing
989,593,2024-06-27 17:55:05,Cancelled
990,18,2024-06-25 09:57:06,Cancelled
991,749,2024-09-19 05:16:20,Pending
992,1057,2023-05-14 05:59:34,Pending
993,129,2025-01-01 21:18:07,Processing
994,229,2023-08-13 15:59:57,Delivered
995,1065,2025-06-26 18:14:22,Processing
996,1010,2024-02-13 05:47:46,Shipped
997,1100,2024-05-28 06:47:12,Delivered
998,1124,2025-07-04 00:09:58,Delivered
999,136,2023-08-29 14:39:33,Processing
1000,1189,2023-03-05 11:21:54,Cancelled
1001,402,2023-10-05 00:18:07,Shipped
1002,1064,2024-05-13 14:06:50,Shipped
1003,1132,2023-05-19 18:10:14,Processing
1004,1126,2023-08-11 18:40:55,Delivered
1005,164,2023-04-14 07:03:17,Delivered
1006,686,2023-01-15 06:06:33,Cancelled
1007,231,2024-03-31 22:26:04,Pending
1008,106,2023-04-03 09:26:12,Delivered
1009,1095,2024-04-05 04:38:38,Cancelled
1010,1036,2025-10-21 21:42:35,Shipped
1011,689,2023-10-11 01:29:49,Processing
1012,3,2023-07-23 20:34:22,Processing
1013,10,2025-05-21 01:38:31,Delivered
1014,728,2024-07-22 22:45:12,Shipped
1015,486,2025-09-21 20:08:46,Pending
1016,1057,2024-10-20 17:31:20,Delivered
1017,601,2023-02-12 17:37:35,Pending
1018,449,2024-11-01 04:04:39,Delivered
1019,369,2024-06-24 11:40:29,Processing
1020,816,2024-03-26 07:36:27,Processing
1021,750,2025-01-30 13:27:05,Processing
1022,104,2025-03-12 06:07:56,Delivered
1023,138,2023-12-06 02:33:46,Cancelled
1024,1178,2024-12-06 19:04:03,Shipped
1025,780,2023-09-18 05:17:21,Shipped
1026,817,2025-09-25 00:47:28,Cancelled
1027,1145,2025-04-09 03:32:14,Cancelled
1028,555,2024-10-26 20:30:24,Shipped
1029,23,2023-06-26 23:52:25,Pending
1030,500,2023-07-05 23:34:21,Processing
1031,202,2025-07-03 04:59:04,Shipped
1032,348,2024-08-31 15:40:17,Shipped
1033,232,2025-03-31 13:58:03,Pending
1034,759,2023-07-06 05:32:52,Cancelled
1035,946,2025-04-23 12:11:43,Shipped
1036,484,2023-04-15 00:02:56,Processing
1037,537,2023-05-16 10:25:37,Processing
1038,542,2025-08-03 05:29:03,Delivered
1039,300,2024-10-26 07:25:34,Processing
1040,589,2024-12-27 18:28:54,Pending
1041,772,2024-12-07 10:08:26,Delivered
1042,195,2023-03-01 01:23:39,Delivered
1043,352,2023-07-22 02:50:20,Shipped
1044,697,2025-07-22 12:42:48,Shipped
1045,281,2025-10-07 20:15:55,Shipped
1046,1190,2024-02-02 07:47:17,Delivered
1047,303,2023-06-12 19:15:25,Shipped
1048,1111,2023-07-21 00:38:35,Shipped
1049,922,2023-02-08 12:17:19,Cancelled
1050,970,2023-04-07 13:07:46,Cancelled
1051,658,2025-04-17 15:44:31,Shipped
1052,49,2025-03-10 13:50:53,Delivered
1053,797,2023-11-28 10:23:40,Cancelled
1054,530,2023-08-27 18:37:45,Processing
1055,724,2024-09-26 21:57:48,Processing
1056,973,2025-09-20 03:16:43,Cancelled
1057,1077,2025-05-30 01:58:09,Cancelled
1058,708,2024-10-09 05:52:40,Pending
1059,1118,2024-08-22 07:06:42,Processing
1060,653,2024-10-11 17:41:57,Shipped
1061,1170,2023-12-08 15:04:18,Cancelled
1062,360,2025-11-10 00:10:32,Pending
1063,429,2024-07-05 13:49:45,Processing
1064,1051,2024-10-04 02:15:37,Processing
1065,332,2023-03-13 06:23:07,Shipped
1066,463,2023-10-16 18:21:05,Delivered
1067,1091,2023-08-08 10:50:34,Pending
1068,976,2023-06-15 13:45:33,Pending
1069,165,2024-10-10 17:49:00,Processing
1070,1164,2025-03-23 06:59:43,Shipped
1071,557,2023-03-23 18:34:13,Cancelled
1072,373,2024-07-27 03:04:25,Delivered
1073,570,2024-03-21 07:49:29,Cancelled
1074,687,2024-12-25 07:48:14,Pending
1075,93,2023-03-21 02:07:52,Cancelled
1076,824,2024-10-15 00:56:21,Pending
1077,556,2024-12-07 01:10:56,Pending
1078,10,2025-08-12 18:16:13,Delivered
1079,807,2023-04-10 09:36:21,Delivered
1080,100,2025-11-08 04:20:55,Cancelled
1081,289,2023-03-23 07:50:18,Shipped
1082,660,2024-11-06 16:31:00,Pending
1083,499,2025-08-09 03:11:27,Delivered
1084,325,2024-05-10 09:46:07,Cancelled
1085,1119,2024-12-10 02:47:46,Delivered
1086,440,2023-03-26 04:27:58,Cancelled
1087,66,2023-07-17 20:51:16,Processing
1088,1034,2024-07-21 17:45:05,Pending
1089,307,2024-11-10 05:34:11,Delivered
1090,891,2023-02-09 11:46:09,Delivered
1091,691,2025-01-07 04:11:57,Shipped
1092,731,2025-07-31 07:05:43,Shipped
1093,691,2025-03-30 12:23:02,Cancelled
1094,909,2024-09-08 15:40:45,Shipped
1095,1016,2024-02-28 11:01:08,Delivered
1096,577,2023-05-22 13:14:06,Shipped
1097,1063,2023-05-21 06:23:40,Pending
1098,572,2024-02-22 18:35:35,Cancelled
1099,1107,2024-06-28 06:37:37,Delivered
1100,160,2023-07-28 16:08:59,Processing
1101,221,2024-06-21 05:15:22,Cancelled
1102,487,2025-01-17 19:57:37,Shipped
1103,475,2024-07-10 09:59:01,Cancelled
1104,1001,2025-07-30 20:15:32,Shipped
1105,262,2024-09-11 07:16:22,Pending
1106,489,2023-01-03 17:09:31,Shipped
1107,1180,2023-01-18 23:13:02,Processing
1108,23,2024-08-20 08:13:54,Delivered
1109,423,2023-05-26 17:41:07,Shipped
1110,330,2024-04-02 08:21:44,Cancelled
1111,1186,2024-08-14 18:55:33,Shipped
1112,851,2024-09-23 14:56:47,Pending
1113,84,2023-11-19 14:30:09,Processing
1114,1126,2024-12-30 00:04:55,Delivered
1115,69,2023-03-16 19:13:48,Pending
1116,745,2024-04-30 14:38:48,Delivered
1117,627,2023-05-25 16:31:27,Shipped
1118,623,2023-07-16 00:41:36,Shipped
1119,9,2025-03-28 22:28:33,Processing
1120,580,2023-10-12 01:25:36,Processing
1121,466,2023-11-20 21:45:05,Delivered
1122,896,2025-06-16 21:51:25,Pending
1123,161,2023-01-13 01:47:01,Delivered
1124,1189,2025-02-04 17:54:40,Pending
1125,268,2024-01-07 05:09:27,Cancelled
1126,302,2025-06-29 05:10:56,Cancelled
1127,132,2025-02-09 11:57:28,Shipped
1128,741,2023-02-17 00:23:28,Processing
1129,289,2024-04-29 17:39:19,Cancelled
1130,262,2023-05-16 07:22:48,Processing
1131,594,2024-10-26 23:03:02,Processing
1132,816,2023-05-09 01:24:25,Processing
1133,558,2024-08-22 22:15:49,Shipped
1134,294,2024-02-06 23:00:28,Cancelled
1135,1051,2024-09-03 07:42:59,Cancelled
1136,71,2025-11-02 08:53:20,Processing
1137,223,2024-07-19 22:53:51,Pending
1138,747,2024-09-17 03:54:06,Delivered
1139,316,2024-07-28 05:54:27,Shipped
1140,272,2023-04-27 23:56:34,Shipped
1141,733,2023-06-16 00:23:46,Shipped
1142,965,2024-07-08 02:05:21,Pending
1143,206,2023-03-20 11:06:22,Shipped
1144,1025,2025-08-10 23:56:51,Pending
1145,298,2023-11-29 03:18:50,Shipped
1146,836,2025-10-08 15:50:48,Shipped
1147,997,2024-06-12 18:35:01,Pending
1148,319,2023-04-28 23:50:20,Processing
1149,913,2025-08-16 04:24:09,Cancelled
1150,1019,2024-03-06 23:22:01,Delivered
1151,364,2023-05-10 14:58:39,Delivered
1152,306,2025-08-08 21:31:41,Cancelled
1153,1165,2024-10-22 14:32:51,Cancelled
1154,586,2023-09-14 22:19:15,Pending
1155,1061,2024-08-03 12:41:14,Cancelled
1156,248,2023-06-29 03:00:31,Processing
1157,1180,2024-02-19 19:57:36,Cancelled
1158,1023,2023-04-17 12:07:13,Shipped
1159,173,2024-07-17 14:39:14,Pending
1160,346,2024-04-17 08:32:19,Shipped
1161,499,2023-10-23 19:30:11,Pending
1162,759,2025-05-05 10:31:27,Cancelled
1163,341,2024-06-24 01:08:17,Pending
1164,337,2024-04-28 11:58:30,Cancelled
1165,1191,2025-07-08 18:53:47,Cancelled
1166,1101,2025-07-04 05:38:30,Delivered
1167,534,2025-01-21 06:32:03,Cancelled
1168,248,2025-03-18 15:39:35,Cancelled
1169,813,2025-09-13 18:20:23,Shipped
1170,997,2024-04-09 08:50:35,Shipped
1171,1079,2025-06-07 02:54:32,Shipped
1172,597,2025-03-25 09:07:48,Shipped
1173,535,2023-03-29 09:23:33,Processing
1174,596,2024-01-11 12:59:28,Shipped
1175,1058,2025-02-01 08:20:51,Processing
1176,1001,2025-07-30 10:44:54,Pending
1177,92,2025-06-25 20:49:18,Cancelled
1178,143,2025-01-06 00:59:52,Shipped
1179,1014,2024-10-05 04:06:54,Processing
1180,1178,2024-05-14 23:20:06,Delivered
1181,1050,2023-10-05 01:00:00,Shipped
1182,521,2024-06-25 18:24:27,Delivered
1183,268,2023-06-10 16:18:35,Pending
1184,522,2025-09-19 16:02:32,Delivered
1185,722,2023-02-28 10:53:19,Delivered
1186,1104,2025-07-31 17:06:20,Shipped
1187,123,2023-03-01 23:26:55,Shipped
1188,924,2023-02-13 03:35:37,Pending
1189,1178,2024-04-20 08:06:06,Pending
1190,948,2024-06-10 15:32:09,Pending
1191,4,2023-11-01 14:51:44,Processing
1192,1050,2025-09-14 17:09:37,Processing
1193,848,2025-10-09 21:09:46,Shipped
1194,1040,2024-04-02 22:42:17,Cancelled
1195,134,2025-05-28 13:43:31,Processing
1196,178,2023-08-06 15:31:56,Delivered
1197,96,2023-03-22 19:45:31,Processing
1198,940,2025-09-12 13:24:35,Delivered
1199,805,2025-10-12 11:00:27,Pending
1200,476,2025-06-17 02:50:01,Shipped
1201,994,2023-10-04 14:56:30,Cancelled
1202,374,2025-04-14 00:01:22,Shipped
1203,701,2025-05-05 22:51:11,Processing
1204,880,2025-10-13 00:03:20,Delivered
1205,1151,2023-04-28 02:38:06,Processing
1206,90,2024-04-10 16:23:51,Pending
1207,1018,2024-02-15 19:15:53,Processing
1208,1191,2025-08-04 12:19:06,Cancelled
1209,211,2025-05-05 05:07:28,Shipped
1210,611,2023-09-11 18:15:12,Delivered
1211,1024,2025-11-02 22:45:55,Cancelled
1212,197,2024-06-24 17:24:13,Shipped
1213,254,2024-02-18 13:16:18,Cancelled
1214,627,2025-04-25 10:47:15,Pending
1215,231,2025-09-11 22:16:14,Processing
1216,815,2024-06-19 03:52:05,Pending
1217,28,2025-08-25 18:10:51,Pending
1218,952,2024-07-13 21:50:29,Delivered
1219,536,2024-11-12 03:48:33,Delivered
1220,786,2023-05-22 12:32:06,Processing
1221,480,2023-11-10 21:02:04,Shipped
1222,149,2023-08-26 02:35:36,Pending
1223,1042,2023-04-11 08:25:17,Delivered
1224,100,2025-10-08 09:00:44,Delivered
1225,10,2023-04-06 21:39:52,Pending
1226,848,2023-06-24 08:14:05,Pending
1227,888,2024-11-14 06:36:42,Delivered
1228,496,2025-01-03 07:38:33,Pending
1229,1012,2025-07-15 16:03:30,Delivered
1230,76,2025-05-15 05:37:51,Processing
1231,457,2024-11-21 03:04:40,Pending
1232,822,2025-05-13 22:55:56,Processing
1233,791,2025-05-17 03:50:21,Delivered
1234,253,2024-04-24 11:30:56,Pending
1235,370,2024-03-16 04:21:42,Cancelled
1236,499,2024-07-28 00:05:29,Processing
1237,338,2025-03-12 19:25:00,Pending
1238,193,2025-10-06 00:08:03,Delivered
1239,1148,2024-09-28 22:30:34,Cancelled
1240,450,2023-12-09 17:49:33,Processing
1241,133,2025-06-19 06:10:54,Processing
1242,869,2023-08-17 21:29:32,Cancelled
1243,380,2024-08-12 05:42:15,Shipped
1244,690,2024-11-27 19:46:29,Delivered
1245,47,2024-12-28 01:55:01,Pending
1246,35,2024-08-13 05:24:19,Delivered
1247,34,2024-07-11 03:15:27,Delivered
1248,338,2023-08-10 14:59:28,Shipped
1249,1048,2023-03-04 06:39:57,Cancelled
1250,673,2023-07-27 19:54:30,Delivered
1251,591,2024-01-16 08:13:24,Shipped
1252,1111,2023-10-28 06:39:38,Delivered
1253,888,2024-12-24 13:14:37,Delivered
1254,970,2025-06-15 12:11:01,Processing
1255,926,2023-01-13 09:12:41,Cancelled
1256,313,2025-01-24 09:40:56,Delivered
1257,52,2024-08-29 10:03:46,Cancelled
1258,114,2024-08-24 05:56:57,Shipped
1259,869,2025-07-24 13:41:43,Delivered
1260,770,2024-03-06 02:33:38,Pending
1261,1055,2024-11-09 05:06:01,Cancelled
1262,754,2023-11-17 06:19:57,Cancelled
1263,305,2024-03-06 02:45:55,Pending
1264,698,2024-08-11 10:00:00,Processing
1265,272,2023-03-15 20:52:31,Processing
1266,42,2024-01-16 03:44:34,Delivered
1267,135,2025-05-04 11:01:26,Shipped
1268,270,2025-01-13 17:06:06,Cancelled
1269,330,2023-07-06 06:53:22,Delivered
1270,1134,2024-02-17 14:49:15,Cancelled
1271,248,2025-07-24 09:38:38,Shipped
1272,435,2023-04-01 15:52:24,Shipped
1273,696,2024-06-03 18:11:49,Delivered
1274,178,2023-04-01 01:09:52,Shipped
1275,1190,2024-11-05 15:26:41,Cancelled
1276,893,2024-07-30 05:46:44,Pending
1277,872,2024-09-23 06:03:02,Processing
1278,568,2025-08-10 19:51:36,Processing
1279,1049,2023-05-23 15:45:15,Delivered
1280,6,2024-03-27 21:40:38,Shipped
1281,516,2025-01-08 10:12:54,Pending
1282,348,2024-08-10 04:19:41,Cancelled
1283,95,2025-07-28 08:13:38,Shipped
1284,1007,2024-05-08 12:04:59,Cancelled
1285,54,2025-07-07 03:12:01,Cancelled
1286,420,2025-05-01 00:32:10,Delivered
1287,629,2023-02-07 04:38:59,Processing
1288,398,2024-01-13 17:52:53,Pending
1289,135,2023-03-05 18:23:06,Cancelled
1290,909,2024-03-07 02:53:29,Processing
1291,505,2025-09-01 18:54:44,Delivered
1292,685,2023-01-01 09:26:00,Shipped
1293,817,2024-09-28 05:07:30,Pending
1294,308,2024-03-26 16:34:22,Delivered
1295,342,2025-07-25 00:25:32,Cancelled
1296,1097,2024-04-04 04:48:45,Cancelled
1297,534,2024-04-06 19:36:21,Processing
1298,388,2025-03-08 14:50:50,Pending
1299,734,2023-01-23 23:05:09,Processing
1300,49,2023-11-09 08:30:22,Cancelled
1301,1063,2024-04-21 13:48:24,Delivered
1302,439,2025-04-23 16:49:58,Delivered
1303,689,2025-10-28 22:00:31,Delivered
1304,809,2024-11-09 01:55:13,Cancelled
1305,14,2023-04-01 22:41:38,Delivered
1306,1037,2024-01-31 23:23:43,Processing
1307,149,2024-08-16 06:04:21,Cancelled
1308,104,2023-09-09 13:13:02,Pending
1309,479,2024-02-27 08:51:16,Shipped
1310,723,2024-03-01 16:19:31,Pending
1311,602,2024-03-18 14:34:50,Delivered
1312,848,2025-01-17 14:41:28,Delivered
1313,929,2024-12-07 04:19:01,Delivered
1314,1178,2024-09-09 15:57:54,Cancelled
1315,1193,2023-12-09 14:23:39,Pending
1316,1189,2024-06-24 12:51:57,Pending
1317,1089,2023-05-22 20:19:57,Processing
1318,604,2023-07-18 03:23:50,Pending
1319,839,2023-12-05 08:59:21,Processing
1320,855,2023-05-10 00:16:58,Pending
1321,41,2023-03-20 12:08:58,Cancelled
1322,66,2023-11-08 21:58:32,Processing
1323,405,2024-10-08 06:38:22,Pending
1324,298,2023-03-23 18:31:38,Delivered
1325,1031,2025-04-10 17:01:06,Cancelled
1326,862,2024-05-05 19:14:58,Cancelled
1327,1188,2025-06-04 16:09:55,Processing
1328,550,2024-11-03 01:20:24,Cancelled
1329,334,2023-03-20 05:36:08,Cancelled
1330,894,2025-05-08 22:32:59,Shipped
1331,463,2023-08-09 15:28:26,Processing
1332,397,2025-06-25 22:03:34,Shipped
1333,1147,2025-04-05 22:22:13,Delivered
1334,75,2023-02-12 11:19:39,Processing
1335,988,2023-01-14 11:13:37,Shipped
1336,1154,2024-10-19 10:22:52,Processing
1337,278,2024-09-12 05:34:51,Processing
1338,902,2025-06-21 06:16:48,Processing
1339,1176,2023-04-28 13:10:37,Cancelled
1340,223,2024-01-03 02:26:35,Cancelled
1341,694,2024-03-21 01:46:48,Cancelled
1342,334,2024-02-03 05:15:06,Pending
1343,1179,2025-06-16 21:35:54,Processing
1344,619,2025-08-12 22:09:31,Pending
1345,445,2023-11-06 09:14:24,Cancelled
1346,896,2023-05-06 05:51:50,Pending
1347,442,2023-03-28 22:43:47,Cancelled
1348,205,2025-07-05 19:54:14,Delivered
1349,298,2024-07-12 12:00:04,Delivered
1350,782,2024-01-20 14:05:26,Delivered
1351,308,2023-04-20 11:44:06,Cancelled
1352,323,2024-09-16 17:08:53,Processing
1353,830,2023-05-26 18:26:23,Pending
1354,920,2024-04-21 17:43:17,Cancelled
1355,62,2024-12-04 08:57:28,Cancelled
1356,1024,2023-08-18 16:37:25,Pending
1357,610,2023-12-20 15:06:24,Pending
1358,545,2023-09-20 15:29:38,Shipped
1359,684,2024-05-26 17:47:12,Cancelled
1360,952,2023-02-26 08:06:46,Cancelled
1361,67,2023-03-01 17:26:24,Processing
1362,215,2025-03-05 07:15:13,Pending
1363,373,2024-07-01 13:43:59,Cancelled
1364,400,2025-07-13 10:56:48,Pending
1365,707,2025-02-11 12:11:01,Shipped
1366,418,2024-09-19 04:40:08,Pending
1367,105,2023-01-25 23:38:49,Shipped
1368,1123,2024-10-08 04:07:01,Shipped
1369,1134,2024-04-28 14:58:51,Shipped
1370,536,2023-01-15 01:58:03,Delivered
1371,103,2023-07-21 10:15:25,Processing
1372,223,2025-06-22 09:52:49,Processing
1373,613,2024-08-08 15:29:41,Cancelled
1374,711,2024-02-27 10:03:00,Delivered
1375,539,2024-12-20 07:10:48,Processing
1376,589,2024-09-09 03:02:55,Processing
1377,974,2023-12-02 09:07:44,Pending
1378,739,2025-08-13 19:11:46,Shipped
1379,597,2025-08-20 09:43:06,Pending
1380,898,2024-04-19 02:37:53,Pending
1381,768,2024-09-27 10:21:07,Cancelled
1382,208,2025-09-09 11:45:48,Delivered
1383,295,2025-10-16 05:48:37,Pending
1384,826,2025-02-01 06:21:46,Pending
1385,48,2025-09-08 17:46:01,Processing
1386,659,2024-11-12 23:24:18,Delivered
1387,251,2023-12-26 05:42:44,Delivered
1388,836,2025-07-21 05:09:51,Processing
1389,169,2025-07-19 02:53:38,Processing
1390,566,2023-10-10 21:26:57,Shipped
1391,1019,2025-08-05 20:18:10,Pending
1392,794,2025-09-22 08:05:02,Cancelled
1393,679,2024-03-08 06:12:52,Processing
1394,292,2023-08-04 05:02:40,Pending
1395,349,2024-10-05 07:56:01,Delivered
1396,803,2023-04-18 09:44:33,Processing
1397,20,2023-06-29 19:27:17,Processing
1398,339,2025-02-20 18:13:04,Shipped
1399,581,2025-02-15 20:23:37,Delivered
1400,1063,2025-01-18 07:36:58,Pending
1401,464,2025-02-12 14:09:11,Shipped
1402,955,2023-09-04 09:45:17,Delivered
1403,106,2024-11-29 01:44:56,Shipped
1404,1151,2024-05-28 09:57:27,Pending
1405,22,2025-02-04 14:04:57,Cancelled
1406,136,2023-04-12 08:33:28,Delivered
1407,905,2024-07-18 17:29:27,Pending
1408,1000,2024-07-12 15:59:43,Processing
1409,609,2025-05-19 19:41:57,Cancelled
1410,555,2024-12-08 23:49:29,Cancelled
1411,980,2023-03-25 20:30:14,Cancelled
1412,734,2025-05-21 06:01:36,Shipped
1413,413,2025-03-30 13:53:34,Cancelled
1414,1001,2023-12-08 00:24:41,Processing
1415,581,2025-10-21 14:45:21,Shipped
1416,442,2023-09-08 21:18:35,Pending
1417,460,2023-08-16 20:16:01,Processing
1418,291,2023-02-24 12:12:04,Shipped
1419,145,2025-06-10 01:42:57,Cancelled
1420,305,2025-07-12 13:10:51,Processing
1421,320,2025-01-02 04:55:30,Pending
1422,741,2024-01-23 23:56:05,Delivered
1423,949,2023-07-06 11:48:48,Pending
1424,157,2023-06-19 07:51:09,Pending
1425,1025,2024-11-19 04:08:07,Pending
1426,322,2025-08-25 06:14:13,Processing
1427,1158,2023-06-09 17:48:57,Pending
1428,1061,2024-03-25 15:09:11,Processing
1429,1161,2023-04-08 11:06:55,Pending
1430,427,2023-12-26 23:37:46,Cancelled
1431,473,2024-09-12 12:12:29,Processing
1432,817,2023-05-01 03:20:28,Delivered
1433,1061,2024-11-18 15:35:18,Pending
1434,701,2024-10-15 14:50:12,Shipped
1435,224,2023-02-02 05:40:28,Cancelled
1436,932,2024-11-08 00:24:04,Delivered
1437,498,2024-09-14 22:32:25,Processing
1438,970,2023-06-15 11:15:47,Pending
1439,783,2024-06-04 06:52:14,Pending
1440,7,2023-12-02 13:36:42,Shipped
1441,451,2023-02-06 04:43:23,Pending
1442,353,2023-04-23 23:31:48,Processing
1443,1066,2023-02-23 16:18:34,Cancelled
1444,224,2023-09-26 13:01:46,Delivered
1445,798,2025-01-20 18:56:06,Pending
1446,1002,2024-08-16 08:03:16,Cancelled
1447,804,2023-08-15 12:05:14,Processing
1448,271,2023-06-09 03:40:11,Delivered
1449,1021,2024-05-10 05:59:45,Pending
1450,393,2023-02-20 02:58:19,Pending
1451,1138,2023-11-17 15:19:54,Shipped
1452,504,2024-02-13 00:50:35,Processing
1453,627,2025-09-27 16:47:23,Cancelled
1454,1013,2024-10-06 19:00:05,Processing
1455,670,2025-09-07 16:48:55,Processing
1456,136,2025-10-17 00:59:31,Shipped
1457,1031,2024-03-22 23:20:38,Cancelled
1458,1168,2024-09-12 17:45:56,Cancelled
1459,97,2023-03-19 07:16:49,Pending
1460,570,2025-01-11 14:33:59,Delivered
1461,855,2023-07-27 18:35:53,Delivered
1462,124,2023-08-26 20:12:51,Pending
1463,133,2023-10-25 04:35:52,Pending
1464,934,2023-06-27 07:22:09,Pending
1465,787,2023-06-25 15:24:24,Delivered
1466,156,2023-08-26 12:26:41,Processing
1467,525,2024-12-04 16:10:26,Delivered
1468,370,2024-01-22 23:05:48,Cancelled
1469,184,2025-05-09 05:20:34,Delivered
1470,512,2023-12-27 18:55:03,Processing
1471,120,2023-08-23 11:02:05,Delivered
1472,700,2024-05-30 01:56:25,Processing
1473,221,2023-05-15 23:06:16,Processing
1474,1191,2024-09-24 02:21:24,Delivered
1475,255,2024-04-13 08:37:26,Shipped
1476,534,2023-04-14 06:39:37,Delivered
1477,24,2023-09-04 19:26:42,Shipped
1478,1131,2024-07-11 09:29:53,Cancelled
1479,835,2024-03-15 05:05:55,Delivered
1480,1093,2023-01-25 09:46:41,Shipped
1481,322,2025-10-23 16:35:35,Shipped
1482,644,2025-02-19 01:56:13,Shipped
1483,254,2023-07-03 06:19:27,Processing
1484,983,2023-12-17 22:05:44,Delivered
1485,29,2025-04-08 02:50:24,Delivered
1486,476,2024-06-11 21:30:50,Pending
1487,738,2024-10-07 22:48:14,Pending
1488,1111,2023-03-13 05:00:12,Pending
1489,1171,2023-08-14 12:43:28,Processing
1490,538,2025-11-04 05:19:00,Processing
1491,816,2024-03-28 21:36:00,Cancelled
1492,1028,2024-09-24 13:13:57,Processing
1493,970,2024-09-21 12:35:28,Processing
1494,792,2025-09-09 23:17:56,Delivered
1495,422,2023-02-03 19:55:46,Processing
1496,1063,2025-02-09 20:17:23,Delivered
1497,1183,2024-12-26 21:32:20,Shipped
1498,464,2024-10-08 14:17:28,Cancelled
1499,810,2024-01-07 02:21:47,Delivered
1500,1114,2024-11-02 23:39:02,Processing
