order_item_id,order_id,product_id,quantity,subtotal
1,1,704,1,793.69
2,2,309,2,439.46
3,3,345,2,1298.66
4,3,672,4,1252.72
5,4,200,1,863.37
6,4,263,3,480.24
7,4,228,1,178.82
8,4,122,3,61.08
9,5,408,3,1919.73
10,5,338,1,148.35
11,6,749,2,1189.62
12,6,52,4,1925.72
13,6,121,1,794.93
14,7,735,3,668.43
15,8,100,3,2156.43
16,8,581,2,1143.48
17,9,328,5,473.55
18,10,117,3,675.03
19,10,52,5,2407.15
20,10,501,3,1916.97
21,10,19,3,2882.1
22,10,674,3,2187.84
23,11,653,4,3956.6
24,11,477,5,4022.15
25,12,581,2,1143.48
26,13,562,5,571.25
27,13,374,2,1470.86
28,13,383,2,1506.5
29,13,352,3,739.41
30,13,789,1,282.53
31,14,615,5,4581.1
32,14,660,5,2223.4
33,14,666,2,241.76
34,15,520,3,116.52
35,16,250,1,79.1
36,16,717,2,1852.98
37,17,604,5,4312.45
38,17,459,3,1365.45
39,17,402,5,3202.15
40,17,708,1,491.8
41,17,736,3,819.81
42,18,88,4,1911.8
43,18,783,3,964.38
44,18,418,2,256.72
45,18,237,3,1083.6
46,19,404,4,3640.16
47,20,13,4,3223.92
48,20,630,2,516.34
49,20,27,1,332.41
50,20,253,5,1493.55
51,20,437,1,112.48
52,21,57,4,3927.56
53,21,82,5,2870.25
54,21,405,4,1758.36
55,21,344,5,3374.75
56,22,798,5,597.6
57,22,273,1,69.78
58,22,650,3,1752.42
59,22,775,3,2584.5
60,22,150,5,3792.8
61,23,693,5,4897.6
62,23,206,2,117.1
63,24,194,3,914.34
64,25,207,5,669.1
65,25,281,3,1801.23
66,25,738,3,2246.55
67,26,185,3,1495.2
68,27,673,2,143.64
69,27,392,5,4178.05
70,27,434,3,919.8
71,28,771,3,914.94
72,28,222,1,804.82
73,28,508,1,31.74
74,28,471,2,225.74
75,29,420,2,649.02
76,29,94,1,481.52
77,30,244,3,1998.06
78,30,252,5,4557.75
79,30,49,5,3289.6
80,30,699,1,94.24
81,30,274,5,4966.35
82,31,203,3,743.13
83,31,85,4,1354.76
84,32,198,3,1837.71
85,32,128,1,480.41
86,32,361,2,159.38
87,32,385,5,806.2
88,33,247,2,1482.16
89,34,742,2,208.62
90,34,388,3,1761.21
91,34,248,1,260.25
92,34,673,3,215.46
93,35,758,5,1087.55
94,36,29,5,2248.95
95,36,616,1,389.06
96,36,421,5,362.45
97,37,100,2,1437.62
98,37,194,4,1219.12
99,37,1,2,1754.22
100,37,793,5,114.0
101,38,449,4,2602.6
102,38,684,1,89.08
103,38,577,2,1588.52
104,38,642,3,2814.48
105,38,210,5,444.25
106,39,552,4,2599.4
107,39,124,2,1482.36
108,39,308,2,1084.24
109,39,530,5,3129.6
110,40,183,2,1691.42
111,41,777,3,1191.66
112,41,790,2,572.34
113,41,208,3,2746.65
114,41,539,4,3928.36
115,42,411,3,2274.15
116,42,468,4,319.64
117,42,780,1,797.49
118,43,545,3,1902.21
119,43,173,4,2232.64
120,43,732,2,756.72
121,43,556,2,1512.5
122,44,528,3,2444.79
123,45,420,3,973.53
124,45,267,3,953.76
125,45,95,4,1783.12
126,46,702,3,1088.61
127,47,389,1,533.98
128,47,730,1,417.8
129,47,768,5,2195.2
130,47,328,3,284.13
131,48,86,3,843.15
132,48,527,5,1283.0
133,48,540,2,344.62
134,48,675,4,3693.8
135,48,627,2,649.5
136,49,18,1,218.81
137,49,631,4,510.84
138,50,800,5,2584.95
139,50,501,3,1916.97
140,50,589,4,1714.2
141,51,307,4,3460.56
142,52,358,4,3336.28
143,53,95,2,891.56
144,53,234,4,3181.04
145,53,726,4,3699.44
146,54,545,3,1902.21
147,55,500,2,1038.36
148,55,35,4,1263.44
149,55,264,4,3329.84
150,56,716,4,802.76
151,56,130,1,771.0
152,56,529,1,109.83
153,56,371,4,872.6
154,56,471,5,564.35
155,57,613,1,960.51
156,57,763,1,56.64
157,57,662,3,1890.99
158,57,352,5,1232.35
159,57,506,4,3267.28
160,58,755,4,3511.72
161,59,686,5,2448.1
162,59,430,2,1333.76
163,60,503,2,1454.8
164,60,72,5,4105.1
165,60,14,2,478.3
166,60,325,5,1401.8
167,60,720,4,944.56
168,61,410,4,3606.16
169,62,784,3,548.25
170,63,615,1,916.22
171,63,308,2,1084.24
172,64,681,2,194.6
173,64,294,4,3466.08
174,64,335,3,2814.6
175,64,376,1,492.06
176,65,684,2,178.16
177,65,339,5,195.0
178,65,200,4,3453.48
179,65,800,5,2584.95
180,66,576,4,271.12
181,66,392,4,3342.44
182,66,500,4,2076.72
183,67,188,3,2402.7
184,67,151,3,1894.77
185,67,46,5,582.15
186,67,775,1,861.5
187,67,352,4,985.88
188,68,193,3,439.83
189,68,10,2,806.72
190,68,31,1,118.78
191,69,148,3,2082.21
192,69,262,1,399.03
193,69,718,3,2934.21
194,69,486,4,1844.88
195,70,774,1,870.52
196,70,711,2,1901.38
197,70,328,2,189.42
198,70,296,4,2864.44
199,70,58,5,1927.3
200,71,385,4,644.96
201,71,673,4,287.28
202,71,354,5,2596.7
203,72,170,2,108.36
204,73,110,2,553.18
205,73,609,2,843.32
206,73,791,5,1616.3
207,74,30,1,376.01
208,74,158,1,677.29
209,74,10,2,806.72
210,74,308,4,2168.48
211,74,118,3,2400.9
212,75,505,3,2370.93
213,75,598,1,680.11
214,75,136,2,1443.02
215,76,338,5,741.75
216,77,112,1,768.21
217,78,591,3,110.46
218,78,142,3,626.85
219,78,629,2,774.02
220,78,785,2,632.18
221,79,43,3,1939.89
222,79,112,5,3841.05
223,79,586,1,290.76
224,79,278,4,3784.4
225,79,659,1,621.45
226,80,470,5,1987.05
227,80,530,3,1877.76
228,81,384,4,196.32
229,81,629,4,1548.04
230,81,724,4,2304.96
231,82,526,3,2151.15
232,82,558,2,1213.24
233,83,716,4,802.76
234,83,568,4,1071.48
235,83,688,5,4638.25
236,84,754,4,1283.0
237,85,238,3,2472.63
238,85,773,4,479.24
239,85,541,3,1169.13
240,86,547,5,3596.45
241,86,112,2,1536.42
242,87,592,4,1080.32
243,87,797,5,1454.6
244,87,673,4,287.28
245,88,681,2,194.6
246,88,357,2,1719.54
247,88,45,2,1619.52
248,89,574,3,2029.23
249,90,501,4,2555.96
250,90,299,3,624.0
251,91,562,5,571.25
252,91,750,1,798.72
253,91,373,1,740.87
254,91,600,4,2459.76
255,91,30,1,376.01
256,92,719,1,701.33
257,92,284,1,719.91
258,92,539,3,2946.27
259,93,4,1,943.08
260,94,225,1,488.25
261,94,688,1,927.65
262,94,541,2,779.42
263,95,270,4,3866.84
264,96,679,3,2129.94
265,97,211,4,2738.6
266,97,660,1,444.68
267,97,48,4,3160.32
268,97,160,4,3312.4
269,97,440,3,1831.95
270,98,73,1,946.7
271,98,167,4,3761.44
272,98,159,5,4211.0
273,98,216,4,3185.48
274,98,448,5,4362.3
275,99,766,4,3239.44
276,99,181,1,926.42
277,99,356,1,850.87
278,100,290,4,3904.8
279,101,545,2,1268.14
280,101,241,3,1795.74
281,101,373,3,2222.61
282,101,389,4,2135.92
283,102,318,5,3165.15
284,102,705,5,387.7
285,102,603,1,514.32
286,102,271,1,122.76
287,102,654,1,940.91
288,103,534,4,2697.96
289,103,727,4,3958.56
290,104,217,5,2482.15
291,104,666,1,120.88
292,105,650,5,2920.7
293,105,763,2,113.28
294,105,138,2,403.4
295,105,258,5,288.45
296,106,1,5,4385.55
297,106,492,2,180.92
298,106,89,5,1622.7
299,106,519,3,1233.69
300,106,178,3,2624.55
301,107,11,2,1503.94
302,107,492,4,361.84
303,108,740,5,2335.8
304,108,172,1,269.15
305,108,515,1,510.9
306,108,737,1,890.73
307,109,587,5,1438.85
308,109,220,1,93.96
309,109,51,1,514.14
310,110,71,3,1905.24
311,110,63,3,2776.74
312,110,393,4,2448.12
313,111,27,2,664.82
314,111,239,2,1901.84
315,112,385,1,161.24
316,112,146,5,1775.8
317,112,762,1,460.02
318,112,510,1,652.44
319,113,243,3,2988.39
320,113,139,5,2055.85
321,113,91,3,2023.02
322,113,215,1,189.51
323,114,1,1,877.11
324,114,560,1,40.14
325,114,734,4,2592.76
326,115,487,2,615.92
327,115,564,5,1944.55
328,116,437,4,449.92
329,116,249,2,1348.54
330,116,213,5,2872.4
331,117,338,2,296.7
332,117,525,4,1414.48
333,117,606,5,1341.4
334,118,677,1,826.59
335,118,772,4,389.2
336,118,588,1,606.37
337,118,555,5,2265.8
338,118,695,5,404.75
339,119,712,3,991.77
340,119,450,4,2130.52
341,119,628,4,241.84
342,119,786,3,47.49
343,120,126,4,3557.72
344,120,283,4,2853.6
345,120,548,1,876.74
346,121,51,2,1028.28
347,121,321,5,1059.65
348,121,260,3,738.93
349,121,169,5,849.2
350,121,628,2,120.92
351,122,170,2,108.36
352,122,577,4,3177.04
353,122,362,5,3078.35
354,122,659,2,1242.9
355,123,168,4,465.88
356,124,253,4,1194.84
357,125,140,2,383.7
358,125,606,4,1073.12
359,125,538,2,1254.3
360,125,476,3,145.65
361,125,369,1,228.76
362,126,771,5,1524.9
363,126,213,3,1723.44
364,126,501,5,3194.95
365,126,211,5,3423.25
366,127,491,4,2963.32
367,128,687,4,3737.72
368,128,435,5,3247.75
369,128,178,2,1749.7
370,128,634,3,1568.88
371,129,744,3,254.13
372,129,783,5,1607.3
373,129,607,5,3535.45
374,129,591,5,184.1
375,129,724,2,1152.48
376,130,487,5,1539.8
377,130,151,5,3157.95
378,130,640,3,1900.47
379,131,359,1,64.99
380,131,497,4,1534.08
381,132,490,3,286.62
382,133,206,2,117.1
383,133,352,4,985.88
384,133,462,1,147.45
385,133,357,3,2579.31
386,133,798,3,358.56
387,134,239,1,950.92
388,134,140,5,959.25
389,134,527,3,769.8
390,135,159,3,2526.6
391,135,266,2,1396.62
392,135,752,5,2158.5
393,135,698,4,2406.72
394,136,27,3,997.23
395,136,656,2,1641.8
396,136,11,2,1503.94
397,136,468,4,319.64
398,137,382,2,790.52
399,137,11,4,3007.88
400,138,279,2,1586.82
401,138,541,4,1558.84
402,139,716,4,802.76
403,139,308,1,542.12
404,139,317,4,2101.2
405,139,121,5,3974.65
406,140,423,5,2480.6
407,140,210,2,177.7
408,140,157,4,3160.64
409,140,63,1,925.58
410,141,318,5,3165.15
411,141,417,3,2330.31
412,141,481,2,1495.38
413,142,65,4,278.48
414,142,441,5,1368.95
415,142,613,3,2881.53
416,143,39,2,1942.62
417,143,314,5,4025.05
418,144,365,1,43.6
419,145,574,5,3382.05
420,145,322,5,308.5
421,145,33,1,422.6
422,146,726,5,4624.3
423,146,334,5,2255.2
424,146,629,4,1548.04
425,146,148,4,2776.28
426,146,630,2,516.34
427,147,33,3,1267.8
428,148,472,4,3371.0
429,148,538,5,3135.75
430,149,438,4,1808.64
431,149,104,4,1860.12
432,149,247,1,741.08
433,149,443,2,1730.46
434,150,125,1,104.16
435,150,693,1,979.52
436,150,339,2,78.0
437,151,771,4,1219.92
438,151,525,4,1414.48
439,151,656,3,2462.7
440,151,706,1,771.28
441,151,679,3,2129.94
442,152,617,4,2033.16
443,152,505,3,2370.93
444,153,457,4,478.0
445,153,371,5,1090.75
446,153,610,2,324.86
447,154,676,1,284.55
448,154,338,4,593.4
449,154,312,2,1749.5
450,154,574,3,2029.23
451,154,546,1,763.53
452,155,613,1,960.51
453,155,433,4,1680.92
454,155,501,5,3194.95
455,155,416,4,85.28
456,155,51,1,514.14
457,156,379,2,1364.9
458,156,72,1,821.02
459,156,655,3,691.29
460,156,122,1,20.36
461,156,110,5,1382.95
462,157,667,3,96.39
463,157,386,5,3022.7
464,158,21,1,884.95
465,158,524,5,4850.95
466,158,291,4,3419.36
467,158,726,1,924.86
468,159,563,3,2764.17
469,160,409,1,204.0
470,160,605,5,2436.9
471,160,636,1,546.64
472,161,720,4,944.56
473,161,677,3,2479.77
474,161,742,1,104.31
475,161,143,2,551.1
476,161,632,1,378.38
477,162,346,4,1361.8
478,162,786,2,31.66
479,162,205,5,1824.0
480,162,291,5,4274.2
481,163,20,3,2120.04
482,163,298,5,72.15
483,163,512,4,2830.92
484,163,152,4,558.44
485,164,636,4,2186.56
486,164,1,5,4385.55
487,165,714,2,1411.74
488,165,167,2,1880.72
489,165,300,2,1599.54
490,165,568,3,803.61
491,166,145,5,4983.7
492,166,683,2,409.22
493,167,558,2,1213.24
494,167,181,2,1852.84
495,168,658,1,959.49
496,169,321,3,635.79
497,169,397,4,1864.96
498,170,343,4,1237.96
499,170,382,2,790.52
500,170,509,3,305.07
501,171,266,3,2094.93
502,172,647,5,2335.75
503,172,378,4,3540.04
504,173,370,5,2301.7
505,173,410,3,2704.62
506,173,286,3,2695.5
507,173,606,4,1073.12
508,174,22,3,1512.6
509,174,236,4,3817.88
510,175,518,3,713.73
511,175,602,3,2071.2
512,175,301,3,2187.24
513,175,311,5,4446.4
514,175,784,1,182.75
515,176,486,5,2306.1
516,176,411,5,3790.25
517,177,105,5,4743.85
518,177,435,3,1948.65
519,178,675,1,923.45
520,179,161,2,496.38
521,179,517,4,1535.24
522,179,562,2,228.5
523,180,173,3,1674.48
524,180,370,3,1381.02
525,180,30,5,1880.05
526,181,72,3,2463.06
527,181,677,5,4132.95
528,181,623,4,889.6
529,181,98,5,3262.65
530,182,22,3,1512.6
531,182,348,3,988.08
532,182,66,1,527.61
533,182,693,4,3918.08
534,183,285,4,847.0
535,183,329,5,919.95
536,183,525,1,353.62
537,184,678,5,272.4
538,185,771,4,1219.92
539,185,684,3,267.24
540,185,645,2,655.5
541,186,611,2,687.5
542,186,243,3,2988.39
543,186,505,2,1580.62
544,187,555,1,453.16
545,188,101,5,3236.5
546,188,125,4,416.64
547,188,474,5,4488.55
548,189,82,3,1722.15
549,189,351,4,1608.52
550,189,214,2,1552.22
551,189,386,3,1813.62
552,190,161,1,248.19
553,190,674,5,3646.4
554,190,335,5,4691.0
555,190,577,1,794.26
556,190,158,2,1354.58
557,191,695,5,404.75
558,191,359,4,259.96
559,191,300,2,1599.54
560,192,407,1,824.04
561,192,799,4,138.36
562,192,138,3,605.1
563,193,608,2,1922.1
564,193,358,5,4170.35
565,193,448,4,3489.84
566,193,248,1,260.25
567,193,95,1,445.78
568,194,334,5,2255.2
569,195,631,4,510.84
570,196,769,4,2321.48
571,196,233,3,2383.05
572,197,141,1,179.31
573,197,294,5,4332.6
574,197,720,4,944.56
575,197,288,4,362.36
576,198,630,5,1290.85
577,198,137,4,3094.48
578,198,532,2,1359.56
579,198,461,1,551.97
580,198,201,5,3397.0
581,199,256,5,3511.5
582,200,97,4,3832.92
583,200,202,5,1740.25
584,200,282,5,1077.95
585,200,754,3,962.25
586,201,120,2,1010.56
587,201,753,1,111.21
588,202,14,4,956.6
589,203,578,4,1541.68
590,204,400,4,2771.68
591,204,495,2,980.02
592,204,463,5,2284.8
593,205,245,3,2814.63
594,205,73,1,946.7
595,205,284,5,3599.55
596,205,509,1,101.69
597,205,732,2,756.72
598,206,226,4,1757.4
599,207,126,2,1778.86
600,207,389,2,1067.96
601,207,170,3,162.54
602,208,755,4,3511.72
603,208,398,3,703.56
604,208,152,2,279.22
605,208,19,3,2882.1
606,208,563,1,921.39
607,209,401,4,2485.44
608,209,140,4,767.4
609,209,86,4,1124.2
610,210,3,3,2623.14
611,210,625,4,3425.48
612,210,730,4,1671.2
613,210,604,4,3449.96
614,211,610,1,162.43
615,211,513,1,345.41
616,212,412,2,706.98
617,212,623,4,889.6
618,213,487,2,615.92
619,214,348,3,988.08
620,214,577,5,3971.3
621,214,450,3,1597.89
622,214,14,2,478.3
623,215,504,3,868.89
624,215,548,5,4383.7
625,215,329,1,183.99
626,216,560,4,160.56
627,217,328,2,189.42
628,217,77,5,1951.35
629,217,485,4,2755.96
630,217,564,3,1166.73
631,218,501,3,1916.97
632,218,448,5,4362.3
633,219,510,5,3262.2
634,219,555,3,1359.48
635,219,442,5,838.15
636,219,502,1,243.97
637,219,498,3,2415.51
638,220,582,5,4730.6
639,220,394,5,4044.25
640,220,632,4,1513.52
641,220,595,1,94.87
642,221,701,5,2977.1
643,221,43,3,1939.89
644,221,711,2,1901.38
645,221,459,3,1365.45
646,221,266,1,698.31
647,222,334,4,1804.16
648,222,579,5,279.15
649,222,788,4,2752.24
650,222,257,3,2825.07
651,223,245,1,938.21
652,223,449,2,1301.3
653,223,606,4,1073.12
654,223,667,4,128.52
655,223,261,3,2893.35
656,224,410,2,1803.08
657,224,623,5,1112.0
658,224,372,2,1538.6
659,225,232,5,977.2
660,226,339,4,156.0
661,226,476,4,194.2
662,226,161,4,992.76
663,226,610,5,812.15
664,226,761,2,1953.82
665,227,650,3,1752.42
666,227,118,1,800.3
667,227,741,3,2457.69
668,227,706,1,771.28
669,228,367,3,1668.96
670,228,787,5,3995.15
671,228,53,3,1667.19
672,229,355,3,1571.07
673,229,363,5,1056.95
674,229,321,4,847.72
675,230,191,1,363.76
676,230,188,2,1601.8
677,231,625,4,3425.48
678,232,548,3,2630.22
679,232,499,5,388.0
680,233,146,1,355.16
681,233,202,5,1740.25
682,233,488,4,96.52
683,233,679,1,709.98
684,233,347,1,679.68
685,234,255,4,2093.88
686,234,130,3,2313.0
687,234,569,3,2383.77
688,234,120,4,2021.12
689,235,703,1,552.43
690,235,671,2,833.76
691,235,483,3,2071.59
692,235,63,5,4627.9
693,235,230,1,989.21
694,236,79,3,2897.49
695,237,715,5,4625.25
696,237,509,4,406.76
697,238,743,1,68.15
698,238,585,2,1469.28
699,238,244,2,1332.04
700,238,509,3,305.07
701,239,554,5,614.0
702,239,131,1,934.93
703,240,796,3,428.58
704,240,742,5,521.55
705,240,335,4,3752.8
706,240,190,3,2077.83
707,240,400,4,2771.68
708,241,691,4,606.28
709,241,717,3,2779.47
710,242,589,5,2142.75
711,242,755,1,877.93
712,242,759,3,2128.08
713,242,788,4,2752.24
714,243,17,3,1123.53
715,243,693,4,3918.08
716,243,320,4,2215.92
717,243,799,1,34.59
718,243,159,1,842.2
719,244,647,4,1868.6
720,244,293,5,3887.15
721,245,293,3,2332.29
722,245,105,5,4743.85
723,245,514,1,275.31
724,245,474,5,4488.55
725,245,75,4,3736.28
726,246,596,1,621.11
727,246,69,2,1850.52
728,246,792,1,896.71
729,246,257,1,941.69
730,246,328,4,378.84
731,247,374,3,2206.29
732,247,47,3,2591.73
733,247,147,5,3777.55
734,248,599,4,189.6
735,248,652,5,1234.95
736,248,653,4,3956.6
737,248,380,4,1169.48
738,248,110,1,276.59
739,249,449,5,3253.25
740,249,173,3,1674.48
741,249,523,4,2197.76
742,250,246,4,3203.84
743,250,158,5,3386.45
744,251,769,3,1741.11
745,251,454,2,1945.08
746,252,397,1,466.24
747,252,392,3,2506.83
748,252,386,1,604.54
749,253,361,5,398.45
750,253,132,4,2149.24
751,253,260,1,246.31
752,253,584,3,232.38
753,254,115,2,128.4
754,254,42,2,1285.34
755,254,536,2,1543.9
756,254,186,5,4707.45
757,255,479,2,340.64
758,255,554,1,122.8
759,255,759,2,1418.72
760,256,72,1,821.02
761,256,232,2,390.88
762,256,369,3,686.28
763,256,461,1,551.97
764,256,260,5,1231.55
765,257,695,5,404.75
766,257,635,1,700.55
767,257,176,1,230.48
768,258,359,3,194.97
769,259,766,3,2429.58
770,259,619,3,261.39
771,259,694,3,1713.81
772,260,670,1,666.02
773,260,278,1,946.1
774,260,753,4,444.84
775,261,672,5,1565.9
776,262,440,2,1221.3
777,262,13,3,2417.94
778,262,394,1,808.85
779,263,433,5,2101.15
780,263,711,5,4753.45
781,264,350,2,268.7
782,264,202,4,1392.2
783,265,350,5,671.75
784,265,70,4,1721.68
785,265,300,1,799.77
786,265,598,4,2720.44
787,266,745,5,168.15
788,267,688,3,2782.95
789,267,405,4,1758.36
790,268,509,3,305.07
791,268,661,5,2848.3
792,269,34,3,1898.4
793,269,469,2,1165.28
794,269,231,1,17.1
795,269,761,5,4884.55
796,270,725,4,1728.72
797,271,278,5,4730.5
798,271,788,4,2752.24
799,272,322,5,308.5
800,273,110,2,553.18
801,273,241,3,1795.74
802,273,544,5,509.0
803,273,739,5,3607.75
804,274,668,3,2495.79
805,274,675,3,2770.35
806,275,434,5,1533.0
807,275,479,2,340.64
808,275,429,4,2011.04
809,275,344,2,1349.9
810,276,132,3,1611.93
811,276,160,4,3312.4
812,277,739,2,1443.1
813,277,27,4,1329.64
814,277,735,4,891.24
815,278,261,2,1928.9
816,278,746,2,1767.68
817,278,323,4,2575.6
818,279,264,3,2497.38
819,280,206,3,175.65
820,280,112,2,1536.42
821,280,504,3,868.89
822,280,370,5,2301.7
823,281,432,4,1224.56
824,281,58,4,1541.84
825,281,496,5,3483.5
826,281,594,4,1746.4
827,281,334,2,902.08
828,282,365,1,43.6
829,282,130,1,771.0
830,282,324,4,2734.56
831,283,552,4,2599.4
832,283,532,3,2039.34
833,284,566,5,930.9
834,285,325,5,1401.8
835,286,206,3,175.65
836,286,343,2,618.98
837,286,694,1,571.27
838,286,181,5,4632.1
839,286,780,2,1594.98
840,287,493,2,662.1
841,287,383,2,1506.5
842,287,750,2,1597.44
843,288,297,2,285.96
844,289,638,1,607.87
845,289,200,5,4316.85
846,289,643,3,2522.13
847,289,219,5,1410.25
848,290,87,3,2158.56
849,291,653,1,989.15
850,291,442,2,335.26
851,292,714,4,2823.48
852,292,610,5,812.15
853,292,798,5,597.6
854,292,276,2,559.72
855,293,135,3,571.74
856,293,299,1,208.0
857,294,480,1,50.29
858,295,182,3,2284.5
859,295,310,1,190.66
860,296,526,5,3585.25
861,296,358,3,2502.21
862,296,156,5,2554.75
863,296,415,4,3751.8
864,297,108,2,1556.28
865,298,691,2,303.14
866,298,201,5,3397.0
867,298,2,5,188.65
868,298,317,2,1050.6
869,299,144,3,2581.29
870,299,671,4,1667.52
871,300,451,4,2393.8
872,300,214,2,1552.22
873,300,581,5,2858.7
874,300,151,4,2526.36
875,301,487,2,615.92
876,301,795,1,806.17
877,301,10,4,1613.44
878,302,576,2,135.56
879,302,590,3,1915.77
880,302,182,3,2284.5
881,303,512,5,3538.65
882,303,650,5,2920.7
883,303,66,5,2638.05
884,303,481,1,747.69
885,303,733,4,3816.76
886,304,597,2,357.88
887,304,367,4,2225.28
888,305,56,4,1346.96
889,306,681,5,486.5
890,307,797,5,1454.6
891,307,2,1,37.73
892,307,357,5,4298.85
893,308,465,4,2671.4
894,308,502,5,1219.85
895,309,386,4,2418.16
896,309,394,3,2426.55
897,309,627,4,1299.0
898,309,534,1,674.49
899,310,528,5,4074.65
900,310,258,3,173.07
901,310,303,3,683.7
902,310,293,4,3109.72
903,311,109,3,2455.98
904,312,332,3,396.99
905,312,390,5,2686.15
906,312,558,2,1213.24
907,312,723,1,262.82
908,313,174,3,1153.2
909,313,184,3,94.65
910,314,248,4,1041.0
911,314,407,2,1648.08
912,314,645,5,1638.75
913,314,656,3,2462.7
914,314,56,2,673.48
915,315,503,1,727.4
916,316,749,5,2974.05
917,317,75,2,1868.14
918,318,599,3,142.2
919,318,760,4,273.88
920,318,12,4,2759.56
921,319,593,5,1291.0
922,320,726,3,2774.58
923,320,579,3,167.49
924,321,506,4,3267.28
925,321,149,5,3441.95
926,321,568,4,1071.48
927,321,256,5,3511.5
928,322,527,3,769.8
929,323,340,2,1167.02
930,323,403,1,946.02
931,323,511,1,391.77
932,324,788,3,2064.18
933,324,631,4,510.84
934,325,291,3,2564.52
935,325,434,1,306.6
936,325,630,1,258.17
937,325,38,2,1087.26
938,326,117,1,225.01
939,326,261,2,1928.9
940,326,267,2,635.84
941,327,36,4,45.2
942,327,448,2,1744.92
943,327,89,4,1298.16
944,327,685,2,1084.9
945,328,335,4,3752.8
946,328,244,2,1332.04
947,329,74,4,3458.08
948,329,487,5,1539.8
949,329,631,3,383.13
950,330,751,2,922.24
951,330,621,1,262.89
952,330,497,3,1150.56
953,330,320,4,2215.92
954,331,355,4,2094.76
955,331,490,4,382.16
956,331,432,5,1530.7
957,331,103,5,4230.0
958,331,576,1,67.78
959,332,542,1,55.52
960,332,626,5,383.15
961,332,655,1,230.43
962,332,192,2,554.54
963,332,300,4,3199.08
964,333,598,3,2040.33
965,334,558,5,3033.1
966,334,799,1,34.59
967,334,68,3,268.11
968,334,43,1,646.63
969,335,199,5,2045.95
970,335,383,5,3766.25
971,335,496,3,2090.1
972,336,563,4,3685.56
973,336,194,4,1219.12
974,337,85,1,338.69
975,337,462,5,737.25
976,337,35,3,947.58
977,338,198,2,1225.14
978,338,512,3,2123.19
979,339,553,5,887.3
980,339,638,2,1215.74
981,339,319,3,351.33
982,340,761,1,976.91
983,340,151,1,631.59
984,340,281,3,1801.23
985,340,659,3,1864.35
986,341,181,5,4632.1
987,341,115,1,64.2
988,341,621,2,525.78
989,342,208,1,915.55
990,343,273,5,348.9
991,343,44,3,1086.54
992,344,376,4,1968.24
993,344,650,1,584.14
994,344,566,5,930.9
995,345,628,2,120.92
996,345,703,5,2762.15
997,345,733,1,954.19
998,345,686,4,1958.48
999,346,308,3,1626.36
1000,346,597,4,715.76
1001,347,560,5,200.7
1002,347,468,3,239.73
1003,347,749,4,2379.24
1004,348,798,1,119.52
1005,348,282,1,215.59
1006,348,786,1,15.83
1007,348,408,5,3199.55
1008,349,118,5,4001.5
1009,349,9,4,288.92
1010,349,720,4,944.56
1011,350,400,5,3464.6
1012,350,560,1,40.14
1013,350,626,4,306.52
1014,350,190,2,1385.22
1015,350,515,3,1532.7
1016,351,405,4,1758.36
1017,351,641,3,1071.3
1018,351,433,3,1260.69
1019,351,61,3,2091.48
1020,351,222,3,2414.46
1021,352,578,4,1541.68
1022,352,792,1,896.71
1023,353,391,5,2326.5
1024,353,543,2,424.98
1025,353,526,1,717.05
1026,353,508,2,63.48
1027,353,394,1,808.85
1028,354,621,1,262.89
1029,354,565,3,1544.04
1030,355,271,4,491.04
1031,355,607,4,2828.36
1032,355,630,5,1290.85
1033,356,665,1,842.79
1034,356,227,4,1851.96
1035,357,211,2,1369.3
1036,357,151,3,1894.77
1037,357,9,5,361.15
1038,358,658,5,4797.45
1039,358,97,1,958.23
1040,358,728,1,398.53
1041,359,379,2,1364.9
1042,359,755,1,877.93
1043,359,144,1,860.43
1044,359,302,4,3400.72
1045,360,325,1,280.36
1046,360,102,4,1002.16
1047,360,598,2,1360.22
1048,360,65,4,278.48
1049,361,562,4,457.0
1050,361,225,2,976.5
1051,361,733,3,2862.57
1052,362,598,3,2040.33
1053,363,205,2,729.6
1054,364,632,4,1513.52
1055,364,488,3,72.39
1056,364,787,5,3995.15
1057,365,771,2,609.96
1058,365,86,1,281.05
1059,365,598,1,680.11
1060,366,456,5,1223.3
1061,366,17,3,1123.53
1062,367,657,2,1139.22
1063,367,675,1,923.45
1064,367,605,5,2436.9
1065,368,315,4,1794.28
1066,368,420,5,1622.55
1067,369,79,1,965.83
1068,369,797,2,581.84
1069,370,532,5,3398.9
1070,370,731,5,303.55
1071,370,120,5,2526.4
1072,370,353,4,1303.0
1073,371,152,3,418.83
1074,371,181,5,4632.1
1075,371,231,4,68.4
1076,371,244,5,3330.1
1077,372,631,5,638.55
1078,372,512,4,2830.92
1079,372,129,5,2457.55
1080,373,660,2,889.36
1081,373,742,5,521.55
1082,373,351,3,1206.39
1083,373,427,4,3938.56
1084,373,132,4,2149.24
1085,374,712,2,661.18
1086,375,401,3,1864.08
1087,376,291,2,1709.68
1088,376,586,2,581.52
1089,376,367,3,1668.96
1090,376,210,3,266.55
1091,377,336,2,247.2
1092,378,627,3,974.25
1093,378,141,1,179.31
1094,378,82,3,1722.15
1095,378,138,2,403.4
1096,378,296,4,2864.44
1097,379,134,4,1541.24
1098,379,454,3,2917.62
1099,379,750,3,2396.16
1100,379,488,3,72.39
1101,379,537,3,2559.0
1102,380,441,5,1368.95
1103,380,163,5,1041.75
1104,380,594,1,436.6
1105,381,138,1,201.7
1106,381,739,3,2164.65
1107,381,272,5,2984.75
1108,382,548,5,4383.7
1109,382,607,2,1414.18
1110,382,534,4,2697.96
1111,383,43,2,1293.26
1112,383,159,2,1684.4
1113,383,489,5,755.0
1114,384,362,1,615.67
1115,384,27,2,664.82
1116,385,791,2,646.52
1117,385,164,1,266.13
1118,385,469,4,2330.56
1119,385,591,1,36.82
1120,386,417,2,1553.54
1121,386,190,5,3463.05
1122,387,441,4,1095.16
1123,387,22,2,1008.4
1124,387,164,1,266.13
1125,387,14,5,1195.75
1126,387,282,3,646.77
1127,388,353,2,651.5
1128,388,716,4,802.76
1129,389,750,4,3194.88
1130,389,257,4,3766.76
1131,389,411,3,2274.15
1132,389,460,3,1182.06
1133,390,565,4,2058.72
1134,390,61,1,697.16
1135,391,755,3,2633.79
1136,392,750,2,1597.44
1137,392,457,4,478.0
1138,392,219,3,846.15
1139,393,461,4,2207.88
1140,393,217,2,992.86
1141,394,643,5,4203.55
1142,394,489,2,302.0
1143,394,716,5,1003.45
1144,394,506,1,816.82
1145,395,404,1,910.04
1146,395,628,3,181.38
1147,396,378,3,2655.03
1148,396,247,4,2964.32
1149,397,407,4,3296.16
1150,397,771,1,304.98
1151,398,721,4,2551.6
1152,399,763,4,226.56
1153,399,418,3,385.08
1154,399,336,2,247.2
1155,400,701,2,1190.84
1156,401,65,1,69.62
1157,401,397,5,2331.2
1158,402,307,4,3460.56
1159,402,435,4,2598.2
1160,402,743,5,340.75
1161,402,156,2,1021.9
1162,402,294,4,3466.08
1163,403,400,1,692.92
1164,404,460,3,1182.06
1165,404,742,4,417.24
1166,404,648,1,512.84
1167,404,553,3,532.38
1168,405,507,2,1188.8
1169,405,344,1,674.95
1170,405,506,2,1633.64
1171,406,720,4,944.56
1172,406,427,1,984.64
1173,406,117,3,675.03
1174,406,484,5,1579.0
1175,407,670,4,2664.08
1176,407,793,4,91.2
1177,407,513,5,1727.05
1178,407,268,4,1204.72
1179,408,388,2,1174.14
1180,409,225,3,1464.75
1181,410,526,5,3585.25
1182,410,619,3,261.39
1183,410,261,3,2893.35
1184,411,526,4,2868.2
1185,411,554,4,491.2
1186,411,73,1,946.7
1187,411,338,2,296.7
1188,412,151,2,1263.18
1189,412,61,2,1394.32
1190,412,290,4,3904.8
1191,412,485,2,1377.98
1192,412,150,1,758.56
1193,413,38,2,1087.26
1194,413,403,2,1892.04
1195,413,45,3,2429.28
1196,413,577,2,1588.52
1197,414,686,3,1468.86
1198,414,423,4,1984.48
1199,414,16,4,428.6
1200,415,507,3,1783.2
1201,415,221,1,947.67
1202,416,454,3,2917.62
1203,416,690,4,2217.44
1204,417,332,5,661.65
1205,417,124,3,2223.54
1206,417,274,3,2979.81
1207,417,779,5,935.5
1208,418,102,4,1002.16
1209,419,611,3,1031.25
1210,420,498,2,1610.34
1211,421,41,4,1845.28
1212,421,144,3,2581.29
1213,421,231,3,51.3
1214,421,23,2,1806.98
1215,422,290,2,1952.4
1216,422,149,5,3441.95
1217,422,215,2,379.02
1218,423,343,5,1547.45
1219,423,206,2,117.1
1220,423,311,3,2667.84
1221,423,357,2,1719.54
1222,423,516,1,203.19
1223,424,719,3,2103.99
1224,424,71,3,1905.24
1225,425,442,1,167.63
1226,425,45,1,809.76
1227,425,93,4,606.92
1228,426,67,2,1162.12
1229,427,699,2,188.48
1230,427,693,3,2938.56
1231,427,127,2,1190.06
1232,427,537,4,3412.0
1233,428,324,4,2734.56
1234,428,78,1,216.25
1235,428,670,2,1332.04
1236,428,367,2,1112.64
1237,428,632,2,756.76
1238,429,200,5,4316.85
1239,429,249,1,674.27
1240,430,49,3,1973.76
1241,430,595,3,284.61
1242,430,597,1,178.94
1243,431,64,5,2193.6
1244,431,39,3,2913.93
1245,431,132,4,2149.24
1246,431,291,3,2564.52
1247,431,74,5,4322.6
1248,432,187,1,579.61
1249,432,445,2,949.08
1250,433,421,4,289.96
1251,433,322,3,185.1
1252,433,643,5,4203.55
1253,433,624,1,366.38
1254,434,260,2,492.62
1255,434,742,2,208.62
1256,434,132,3,1611.93
1257,434,157,4,3160.64
1258,434,109,2,1637.32
1259,435,513,5,1727.05
1260,435,393,1,612.03
1261,436,9,1,72.23
1262,436,29,1,449.79
1263,436,524,1,970.19
1264,437,362,3,1847.01
1265,437,780,2,1594.98
1266,437,542,2,111.04
1267,437,180,4,1917.2
1268,437,614,1,894.51
1269,438,795,2,1612.34
1270,438,14,1,239.15
1271,439,294,2,1733.04
1272,440,553,1,177.46
1273,440,759,1,709.36
1274,440,84,3,2834.97
1275,440,413,4,331.76
1276,441,342,5,4135.05
1277,441,663,1,754.82
1278,441,265,1,440.85
1279,442,795,1,806.17
1280,442,566,3,558.54
1281,442,509,4,406.76
1282,442,164,4,1064.52
1283,443,306,2,1295.84
1284,444,257,2,1883.38
1285,444,644,1,611.44
1286,445,526,1,717.05
1287,445,582,3,2838.36
1288,445,37,1,982.73
1289,445,464,4,3092.6
1290,446,602,1,690.4
1291,446,86,2,562.1
1292,446,19,1,960.7
1293,447,361,1,79.69
1294,447,736,1,273.27
1295,447,796,5,714.3
1296,448,373,5,3704.35
1297,448,485,2,1377.98
1298,448,796,2,285.72
1299,449,795,4,3224.68
1300,450,115,3,192.6
1301,450,346,5,1702.25
1302,450,536,1,771.95
1303,450,711,3,2852.07
1304,451,372,1,769.3
1305,451,143,4,1102.2
1306,452,650,3,1752.42
1307,452,720,4,944.56
1308,452,790,4,1144.68
1309,452,210,5,444.25
1310,453,167,1,940.36
1311,453,520,1,38.84
1312,453,500,5,2595.9
1313,453,736,3,819.81
1314,454,277,5,4720.8
1315,454,723,2,525.64
1316,454,86,4,1124.2
1317,454,469,1,582.64
1318,455,742,5,521.55
1319,456,81,3,2481.72
1320,456,724,4,2304.96
1321,456,181,5,4632.1
1322,457,393,4,2448.12
1323,457,597,5,894.7
1324,457,49,5,3289.6
1325,457,515,1,510.9
1326,457,299,1,208.0
1327,458,598,1,680.11
1328,458,266,3,2094.93
1329,459,278,1,946.1
1330,459,382,2,790.52
1331,460,266,5,3491.55
1332,461,666,3,362.64
1333,461,114,1,537.59
1334,462,115,4,256.8
1335,462,78,1,216.25
1336,462,134,1,385.31
1337,462,774,1,870.52
1338,463,529,2,219.66
1339,463,18,4,875.24
1340,463,338,3,445.05
1341,463,20,3,2120.04
1342,463,111,5,4982.45
1343,464,88,4,1911.8
1344,464,289,2,1167.52
1345,464,10,2,806.72
1346,464,624,4,1465.52
1347,465,557,3,1480.98
1348,465,775,3,2584.5
1349,465,556,5,3781.25
1350,466,360,5,2021.85
1351,466,329,4,735.96
1352,467,555,1,453.16
1353,467,690,2,1108.72
1354,467,473,4,621.4
1355,467,763,2,113.28
1356,467,691,4,606.28
1357,468,454,1,972.54
1358,468,45,1,809.76
1359,468,79,1,965.83
1360,469,322,2,123.4
1361,469,453,2,1435.46
1362,469,675,4,3693.8
1363,469,240,2,672.84
1364,470,296,1,716.11
1365,470,424,4,3771.08
1366,470,490,2,191.08
1367,471,218,2,1583.6
1368,471,438,3,1356.48
1369,472,58,3,1156.38
1370,472,772,4,389.2
1371,472,278,2,1892.2
1372,472,70,1,430.42
1373,472,770,3,2853.51
1374,473,34,5,3164.0
1375,473,754,3,962.25
1376,474,445,3,1423.62
1377,474,369,2,457.52
1378,475,672,1,313.18
1379,476,379,5,3412.25
1380,476,731,2,121.42
1381,476,706,3,2313.84
1382,477,291,2,1709.68
1383,478,291,3,2564.52
1384,479,194,3,914.34
1385,479,296,3,2148.33
1386,479,515,3,1532.7
1387,479,596,4,2484.44
1388,479,618,2,490.62
1389,480,59,5,2421.35
1390,481,40,1,991.14
1391,481,416,3,63.96
1392,481,230,2,1978.42
1393,482,368,2,708.16
1394,482,666,1,120.88
1395,482,30,4,1504.04
1396,482,607,4,2828.36
1397,482,564,1,388.91
1398,483,120,5,2526.4
1399,483,626,1,76.63
1400,483,54,3,1201.02
1401,483,676,1,284.55
1402,483,27,2,664.82
1403,484,602,1,690.4
1404,484,770,4,3804.68
1405,484,162,3,1495.47
1406,484,603,1,514.32
1407,485,82,1,574.05
1408,485,190,2,1385.22
1409,485,331,2,1371.92
1410,485,721,1,637.9
1411,486,168,4,465.88
1412,486,63,4,3702.32
1413,487,340,4,2334.04
1414,487,548,2,1753.48
1415,488,149,1,688.39
1416,488,525,5,1768.1
1417,488,118,4,3201.2
1418,488,26,5,4806.0
1419,488,372,1,769.3
1420,489,40,5,4955.7
1421,489,639,2,1716.58
1422,489,627,3,974.25
1423,489,510,3,1957.32
1424,490,660,5,2223.4
1425,490,468,2,159.82
1426,490,655,4,921.72
1427,490,384,4,196.32
1428,490,30,1,376.01
1429,491,315,1,448.57
1430,491,33,1,422.6
1431,491,656,5,4104.5
1432,492,659,1,621.45
1433,492,1,3,2631.33
1434,492,199,5,2045.95
1435,493,289,2,1167.52
1436,493,374,2,1470.86
1437,493,45,1,809.76
1438,493,663,2,1509.64
1439,493,354,5,2596.7
1440,494,132,5,2686.55
1441,495,276,2,559.72
1442,495,746,4,3535.36
1443,495,754,1,320.75
1444,496,381,2,1389.44
1445,496,499,5,388.0
1446,496,641,4,1428.4
1447,497,346,2,680.9
1448,497,384,1,49.08
1449,497,36,3,33.9
1450,497,749,5,2974.05
1451,498,258,4,230.76
1452,498,45,4,3239.04
1453,498,202,3,1044.15
1454,498,665,1,842.79
1455,498,800,5,2584.95
1456,499,332,3,396.99
1457,499,359,3,194.97
1458,499,264,5,4162.3
1459,499,795,3,2418.51
1460,499,539,4,3928.36
1461,500,386,1,604.54
1462,500,335,1,938.2
1463,500,677,4,3306.36
1464,500,402,4,2561.72
1465,500,419,3,2672.28
1466,501,413,2,165.88
1467,501,358,1,834.07
1468,501,599,2,94.8
1469,502,606,1,268.28
1470,502,568,1,267.87
1471,502,468,2,159.82
1472,503,358,5,4170.35
1473,503,409,4,816.0
1474,503,43,3,1939.89
1475,504,478,3,2985.57
1476,505,748,2,1683.4
1477,506,561,1,167.79
1478,507,288,5,452.95
1479,507,736,1,273.27
1480,507,401,4,2485.44
1481,508,735,1,222.81
1482,508,618,2,490.62
1483,508,741,2,1638.46
1484,508,11,3,2255.91
1485,509,385,5,806.2
1486,509,401,3,1864.08
1487,509,665,5,4213.95
1488,509,508,2,63.48
1489,509,793,5,114.0
1490,510,686,3,1468.86
1491,510,538,5,3135.75
1492,511,256,1,702.3
1493,511,504,2,579.26
1494,511,362,1,615.67
1495,511,681,5,486.5
1496,511,309,3,659.19
1497,512,125,2,208.32
1498,512,739,1,721.55
1499,512,622,5,631.8
1500,512,144,4,3441.72
1501,513,616,2,778.12
1502,513,774,2,1741.04
1503,514,444,5,590.25
1504,514,770,1,951.17
1505,514,346,4,1361.8
1506,514,342,4,3308.04
1507,515,732,1,378.36
1508,516,350,4,537.4
1509,516,727,1,989.64
1510,516,744,4,338.84
1511,516,649,1,527.66
1512,517,553,5,887.3
1513,518,167,2,1880.72
1514,518,231,5,85.5
1515,518,363,5,1056.95
1516,518,312,3,2624.25
1517,518,385,2,322.48
1518,519,761,2,1953.82
1519,519,112,2,1536.42
1520,519,477,4,3217.72
1521,520,340,2,1167.02
1522,520,278,3,2838.3
1523,520,781,5,1095.5
1524,521,268,4,1204.72
1525,521,235,2,1418.82
1526,521,707,2,1807.42
1527,522,758,1,217.51
1528,522,75,2,1868.14
1529,522,59,2,968.54
1530,523,355,2,1047.38
1531,523,271,2,245.52
1532,523,224,5,3741.9
1533,523,208,3,2746.65
1534,523,84,2,1889.98
1535,524,44,5,1810.9
1536,525,68,1,89.37
1537,525,318,1,633.03
1538,526,499,3,232.8
1539,526,343,5,1547.45
1540,526,371,4,872.6
1541,527,442,5,838.15
1542,528,141,4,717.24
1543,528,187,2,1159.22
1544,529,376,4,1968.24
1545,530,251,3,1616.67
1546,530,516,4,812.76
1547,531,674,3,2187.84
1548,531,199,4,1636.76
1549,532,719,1,701.33
1550,532,360,4,1617.48
1551,532,697,4,438.56
1552,532,674,4,2917.12
1553,532,84,2,1889.98
1554,533,237,2,722.4
1555,533,348,1,329.36
1556,534,92,5,3596.25
1557,534,164,1,266.13
1558,535,139,5,2055.85
1559,535,498,5,4025.85
1560,535,55,4,3558.24
1561,535,794,2,1112.56
1562,536,797,5,1454.6
1563,536,436,1,596.46
1564,536,616,1,389.06
1565,536,676,1,284.55
1566,536,623,3,667.2
1567,537,729,2,1365.2
1568,537,34,3,1898.4
1569,537,103,4,3384.0
1570,538,443,3,2595.69
1571,538,400,1,692.92
1572,538,268,3,903.54
1573,539,495,5,2450.05
1574,539,547,1,719.29
1575,539,67,5,2905.3
1576,540,38,3,1630.89
1577,540,645,3,983.25
1578,541,751,4,1844.48
1579,541,87,1,719.52
1580,541,505,2,1580.62
1581,541,731,4,242.84
1582,541,799,3,103.77
1583,542,618,2,490.62
1584,542,106,1,988.32
1585,542,438,3,1356.48
1586,542,190,1,692.61
1587,542,614,2,1789.02
1588,543,264,2,1664.92
1589,544,406,1,218.33
1590,544,360,1,404.37
1591,544,262,2,798.06
1592,544,547,1,719.29
1593,544,61,1,697.16
1594,545,553,4,709.84
1595,545,742,3,312.93
1596,545,41,5,2306.6
1597,545,768,3,1317.12
1598,546,788,3,2064.18
1599,547,163,3,625.05
1600,547,583,3,1272.51
1601,547,330,5,501.6
1602,548,304,3,1807.89
1603,548,238,2,1648.42
1604,548,202,4,1392.2
1605,548,593,1,258.2
1606,548,92,4,2877.0
1607,549,790,4,1144.68
1608,549,538,5,3135.75
1609,550,66,1,527.61
1610,550,77,4,1561.08
1611,550,270,1,966.71
1612,551,92,3,2157.75
1613,552,56,2,673.48
1614,552,791,1,323.26
1615,553,304,3,1807.89
1616,553,318,5,3165.15
1617,553,8,2,363.4
1618,553,441,5,1368.95
1619,554,322,4,246.8
1620,555,771,2,609.96
1621,555,401,1,621.36
1622,555,65,3,208.86
1623,556,324,3,2050.92
1624,556,706,2,1542.56
1625,556,149,5,3441.95
1626,556,142,5,1044.75
1627,557,238,1,824.21
1628,557,758,4,870.04
1629,557,447,5,4487.25
1630,558,388,3,1761.21
1631,559,747,4,2574.88
1632,559,172,5,1345.75
1633,560,764,4,1333.52
1634,560,406,3,654.99
1635,561,479,5,851.6
1636,561,665,2,1685.58
1637,561,122,5,101.8
1638,561,109,4,3274.64
1639,561,434,5,1533.0
1640,562,340,5,2917.55
1641,562,290,2,1952.4
1642,562,92,4,2877.0
1643,562,304,4,2410.52
1644,562,274,4,3973.08
1645,563,307,4,3460.56
1646,563,404,2,1820.08
1647,563,353,5,1628.75
1648,563,247,1,741.08
1649,564,353,5,1628.75
1650,564,799,3,103.77
1651,564,20,4,2826.72
1652,564,528,1,814.93
1653,564,288,3,271.77
1654,565,345,3,1947.99
1655,565,320,3,1661.94
1656,566,78,2,432.5
1657,566,193,5,733.05
1658,566,547,2,1438.58
1659,566,336,4,494.4
1660,567,216,4,3185.48
1661,567,541,5,1948.55
1662,568,692,4,663.72
1663,568,312,1,874.75
1664,568,137,2,1547.24
1665,569,92,3,2157.75
1666,569,123,5,4890.9
1667,569,131,5,4674.65
1668,569,572,4,1028.96
1669,569,328,2,189.42
1670,570,224,3,2245.14
1671,571,650,5,2920.7
1672,572,107,3,272.67
1673,573,594,3,1309.8
1674,573,207,5,669.1
1675,574,491,1,740.83
1676,575,386,3,1813.62
1677,575,173,1,558.16
1678,575,29,1,449.79
1679,576,142,4,835.8
1680,576,537,5,4265.0
1681,576,705,3,232.62
1682,576,548,5,4383.7
1683,576,281,2,1200.82
1684,577,51,3,1542.42
1685,577,499,1,77.6
1686,577,512,1,707.73
1687,577,124,2,1482.36
1688,577,171,3,2739.81
1689,578,787,5,3995.15
1690,578,221,4,3790.68
1691,578,523,1,549.44
1692,579,598,2,1360.22
1693,579,690,2,1108.72
1694,579,548,5,4383.7
1695,579,21,1,884.95
1696,579,478,4,3980.76
1697,580,461,4,2207.88
1698,580,760,2,136.94
1699,580,290,1,976.2
1700,580,635,1,700.55
1701,580,105,2,1897.54
1702,581,759,1,709.36
1703,581,651,4,2981.28
1704,582,116,3,2943.75
1705,582,79,5,4829.15
1706,582,283,3,2140.2
1707,582,452,4,1871.6
1708,582,261,4,3857.8
1709,583,664,1,309.51
1710,583,322,4,246.8
1711,584,90,3,1316.49
1712,584,110,2,553.18
1713,584,695,5,404.75
1714,584,189,5,2290.85
1715,584,221,4,3790.68
1716,585,369,4,915.04
1717,586,360,3,1213.11
1718,586,485,1,688.99
1719,586,415,5,4689.75
1720,586,568,1,267.87
1721,587,508,1,31.74
1722,588,412,1,353.49
1723,588,604,1,862.49
1724,589,495,2,980.02
1725,590,328,2,189.42
1726,590,108,2,1556.28
1727,590,341,4,2171.96
1728,590,154,5,3729.1
1729,590,273,1,69.78
1730,591,753,2,222.42
1731,591,8,5,908.5
1732,591,307,1,865.14
1733,592,550,5,572.9
1734,592,338,5,741.75
1735,593,598,3,2040.33
1736,593,403,1,946.02
1737,593,500,3,1557.54
1738,594,406,1,218.33
1739,594,152,5,698.05
1740,594,522,5,1172.25
1741,594,368,5,1770.4
1742,594,420,5,1622.55
1743,595,266,2,1396.62
1744,595,522,3,703.35
1745,595,623,1,222.4
1746,596,61,1,697.16
1747,596,111,3,2989.47
1748,596,166,2,1715.66
1749,596,243,1,996.13
1750,597,293,4,3109.72
1751,597,29,3,1349.37
1752,597,334,4,1804.16
1753,597,612,5,4267.2
1754,597,508,3,95.22
1755,598,762,2,920.04
1756,598,583,4,1696.68
1757,599,10,1,403.36
1758,599,520,1,38.84
1759,599,688,2,1855.3
1760,599,40,4,3964.56
1761,600,596,5,3105.55
1762,600,539,5,4910.45
1763,600,618,3,735.93
1764,601,285,2,423.5
1765,601,208,2,1831.1
1766,601,447,1,897.45
1767,601,762,1,460.02
1768,601,123,2,1956.36
1769,602,764,4,1333.52
1770,603,213,3,1723.44
1771,603,39,1,971.31
1772,603,646,3,2047.38
1773,603,55,4,3558.24
1774,603,405,2,879.18
1775,604,48,3,2370.24
1776,604,689,2,1889.68
1777,605,172,5,1345.75
1778,605,20,2,1413.36
1779,605,618,4,981.24
1780,605,366,5,1339.35
1781,605,382,4,1581.04
1782,606,728,1,398.53
1783,606,706,1,771.28
1784,606,759,5,3546.8
1785,606,679,2,1419.96
1786,607,598,5,3400.55
1787,607,432,3,918.42
1788,607,712,1,330.59
1789,607,250,3,237.3
1790,607,27,4,1329.64
1791,608,266,2,1396.62
1792,608,602,4,2761.6
1793,608,781,2,438.2
1794,609,783,5,1607.3
1795,610,523,3,1648.32
1796,610,304,3,1807.89
1797,610,603,1,514.32
1798,610,165,1,478.97
1799,611,86,1,281.05
1800,612,680,3,2834.28
1801,612,677,2,1653.18
1802,613,86,2,562.1
1803,613,108,4,3112.56
1804,613,139,5,2055.85
1805,613,425,4,165.52
1806,614,33,5,2113.0
1807,614,686,2,979.24
1808,615,26,1,961.2
1809,615,9,3,216.69
1810,615,349,5,2623.4
1811,616,568,5,1339.35
1812,616,591,4,147.28
1813,616,207,1,133.82
1814,617,482,1,450.79
1815,617,532,5,3398.9
1816,617,560,4,160.56
1817,617,2,2,75.46
1818,618,458,3,316.86
1819,618,734,3,1944.57
1820,618,192,2,554.54
1821,619,539,4,3928.36
1822,619,134,4,1541.24
1823,619,632,4,1513.52
1824,620,797,1,290.92
1825,620,333,1,94.88
1826,620,736,4,1093.08
1827,620,89,4,1298.16
1828,620,75,4,3736.28
1829,621,44,5,1810.9
1830,622,232,2,390.88
1831,622,673,3,215.46
1832,622,363,4,845.56
1833,623,76,3,516.42
1834,623,142,3,626.85
1835,624,507,5,2972.0
1836,624,188,1,800.9
1837,624,276,2,559.72
1838,624,34,1,632.8
1839,624,32,4,1745.68
1840,625,78,3,648.75
1841,626,626,5,383.15
1842,626,232,1,195.44
1843,627,521,3,1921.56
1844,628,93,4,606.92
1845,628,238,2,1648.42
1846,629,126,2,1778.86
1847,630,588,1,606.37
1848,630,738,4,2995.4
1849,631,430,2,1333.76
1850,631,419,3,2672.28
1851,631,519,3,1233.69
1852,631,716,2,401.38
1853,632,90,3,1316.49
1854,632,7,2,669.04
1855,633,599,1,47.4
1856,634,642,5,4690.8
1857,634,116,3,2943.75
1858,634,403,5,4730.1
1859,634,680,4,3779.04
1860,634,686,1,489.62
1861,635,601,4,3089.8
1862,635,26,2,1922.4
1863,635,591,3,110.46
1864,636,278,5,4730.5
1865,637,785,1,316.09
1866,637,598,2,1360.22
1867,637,738,3,2246.55
1868,638,483,5,3452.65
1869,639,235,4,2837.64
1870,639,106,5,4941.6
1871,640,705,1,77.54
1872,640,44,3,1086.54
1873,641,708,3,1475.4
1874,641,707,1,903.71
1875,642,437,4,449.92
1876,643,225,5,2441.25
1877,643,612,2,1706.88
1878,644,421,1,72.49
1879,644,50,2,929.2
1880,644,466,3,2356.65
1881,644,205,2,729.6
1882,644,552,5,3249.25
1883,645,34,5,3164.0
1884,645,208,4,3662.2
1885,646,185,2,996.8
1886,646,734,3,1944.57
1887,646,698,5,3008.4
1888,646,261,2,1928.9
1889,647,326,2,629.86
1890,647,531,1,943.56
1891,647,268,2,602.36
1892,647,754,1,320.75
1893,648,329,3,551.97
1894,648,431,4,360.96
1895,648,738,2,1497.7
1896,649,310,2,381.32
1897,649,432,1,306.14
1898,649,629,1,387.01
1899,649,134,2,770.62
1900,649,65,1,69.62
1901,650,540,5,861.55
1902,651,594,4,1746.4
1903,651,194,3,914.34
1904,652,93,4,606.92
1905,653,428,5,1347.1
1906,653,50,1,464.6
1907,653,265,3,1322.55
1908,653,641,2,714.2
1909,653,741,5,4096.15
1910,654,741,5,4096.15
1911,655,230,5,4946.05
1912,655,138,4,806.8
1913,655,514,5,1376.55
1914,656,351,2,804.26
1915,656,569,4,3178.36
1916,657,342,2,1654.02
1917,657,584,1,77.46
1918,657,123,5,4890.9
1919,657,454,2,1945.08
1920,657,559,2,1906.24
1921,658,444,5,590.25
1922,658,588,1,606.37
1923,658,366,3,803.61
1924,658,748,3,2525.1
1925,658,76,1,172.14
1926,659,229,5,4178.75
1927,659,224,5,3741.9
1928,659,393,2,1224.06
1929,659,560,4,160.56
1930,660,452,5,2339.5
1931,660,575,5,2150.45
1932,660,178,2,1749.7
1933,661,221,5,4738.35
1934,661,728,4,1594.12
1935,661,123,1,978.18
1936,661,143,3,826.65
1937,661,208,4,3662.2
1938,662,786,5,79.15
1939,662,587,1,287.77
1940,662,264,5,4162.3
1941,662,390,4,2148.92
1942,662,639,3,2574.87
1943,663,369,5,1143.8
1944,663,102,5,1252.7
1945,663,156,4,2043.8
1946,663,745,3,100.89
1947,663,743,1,68.15
1948,664,108,1,778.14
1949,664,306,4,2591.68
1950,665,454,3,2917.62
1951,665,279,2,1586.82
1952,666,686,4,1958.48
1953,666,301,5,3645.4
1954,666,11,1,751.97
1955,666,59,4,1937.08
1956,666,494,1,662.19
1957,667,753,2,222.42
1958,668,591,1,36.82
1959,668,267,2,635.84
1960,668,363,3,634.17
1961,669,757,1,542.91
1962,669,739,1,721.55
1963,670,486,4,1844.88
1964,670,793,1,22.8
1965,671,186,5,4707.45
1966,671,581,3,1715.22
1967,671,648,2,1025.68
1968,671,305,4,260.6
1969,672,400,2,1385.84
1970,673,415,3,2813.85
1971,673,363,4,845.56
1972,674,464,4,3092.6
1973,674,274,2,1986.54
1974,674,566,1,186.18
1975,674,83,2,1010.96
1976,675,381,1,694.72
1977,676,446,1,687.54
1978,676,339,4,156.0
1979,676,86,2,562.1
1980,677,798,3,358.56
1981,677,70,4,1721.68
1982,677,518,3,713.73
1983,677,449,1,650.65
1984,678,670,2,1332.04
1985,678,487,2,615.92
1986,679,75,5,4670.35
1987,679,446,1,687.54
1988,680,608,1,961.05
1989,680,154,1,745.82
1990,680,540,5,861.55
1991,681,80,1,561.7
1992,681,549,2,1162.0
1993,681,483,2,1381.06
1994,681,375,3,1426.92
1995,681,349,5,2623.4
1996,682,75,5,4670.35
1997,682,204,2,852.6
1998,682,492,5,452.3
1999,682,202,2,696.1
2000,682,168,2,232.94
2001,683,475,5,4045.8
2002,683,760,4,273.88
2003,683,155,1,918.28
2004,683,781,2,438.2
2005,683,238,4,3296.84
2006,684,499,5,388.0
2007,684,621,4,1051.56
2008,684,668,4,3327.72
2009,684,485,3,2066.97
2010,685,733,2,1908.38
2011,685,492,2,180.92
2012,685,582,4,3784.48
2013,686,673,1,71.82
2014,686,709,2,1213.28
2015,687,160,2,1656.2
2016,687,137,3,2320.86
2017,688,254,4,2228.48
2018,688,558,2,1213.24
2019,689,220,3,281.88
2020,689,193,5,733.05
2021,689,172,1,269.15
2022,689,587,3,863.31
2023,690,99,3,2084.1
2024,690,94,2,963.04
2025,690,543,4,849.96
2026,691,510,3,1957.32
2027,691,694,3,1713.81
2028,691,267,5,1589.6
2029,692,503,2,1454.8
2030,693,691,1,151.57
2031,693,772,2,194.6
2032,694,38,2,1087.26
2033,694,189,5,2290.85
2034,695,590,3,1915.77
2035,695,541,5,1948.55
2036,696,79,4,3863.32
2037,696,372,3,2307.9
2038,696,597,3,536.82
2039,696,39,1,971.31
2040,696,709,5,3033.2
2041,697,682,3,1065.27
2042,697,688,2,1855.3
2043,698,628,3,181.38
2044,698,161,3,744.57
2045,698,246,2,1601.92
2046,698,311,2,1778.56
2047,699,51,2,1028.28
2048,699,418,1,128.36
2049,699,80,5,2808.5
2050,699,456,3,733.98
2051,700,320,1,553.98
2052,700,533,3,1749.09
2053,700,669,3,665.22
2054,700,40,5,4955.7
2055,701,736,5,1366.35
2056,702,195,1,372.75
2057,703,560,1,40.14
2058,704,192,4,1109.08
2059,704,742,4,417.24
2060,704,745,1,33.63
2061,705,255,5,2617.35
2062,705,183,4,3382.84
2063,705,752,1,431.7
2064,706,688,2,1855.3
2065,706,144,1,860.43
2066,706,5,3,404.64
2067,706,622,3,379.08
2068,706,221,2,1895.34
2069,707,85,3,1016.07
2070,707,550,2,229.16
2071,707,508,1,31.74
2072,708,330,1,100.32
2073,708,679,3,2129.94
2074,708,339,5,195.0
2075,708,73,3,2840.1
2076,709,785,4,1264.36
2077,709,777,1,397.22
2078,709,529,5,549.15
2079,709,81,2,1654.48
2080,710,29,2,899.58
2081,710,42,3,1928.01
2082,710,381,5,3473.6
2083,710,294,4,3466.08
2084,710,606,5,1341.4
2085,711,434,2,613.2
2086,712,40,2,1982.28
2087,712,109,2,1637.32
2088,712,520,4,155.36
2089,712,133,2,1974.82
2090,712,182,5,3807.5
2091,713,549,4,2324.0
2092,714,401,3,1864.08
2093,715,618,5,1226.55
2094,716,726,3,2774.58
2095,717,316,5,2292.45
2096,717,152,4,558.44
2097,717,720,4,944.56
2098,717,120,2,1010.56
2099,718,143,5,1377.75
2100,718,376,5,2460.3
2101,719,578,2,770.84
2102,720,792,5,4483.55
2103,721,140,3,575.55
2104,721,293,1,777.43
2105,721,309,5,1098.65
2106,721,133,1,987.41
2107,721,478,5,4975.95
2108,722,330,3,300.96
2109,722,219,1,282.05
2110,722,564,2,777.82
2111,722,388,2,1174.14
2112,723,587,5,1438.85
2113,723,703,2,1104.86
2114,724,696,5,4529.75
2115,724,243,4,3984.52
2116,724,205,2,729.6
2117,724,8,1,181.7
2118,725,190,4,2770.44
2119,725,351,2,804.26
2120,725,162,3,1495.47
2121,725,266,5,3491.55
2122,725,154,2,1491.64
2123,726,285,1,211.75
2124,726,541,4,1558.84
2125,726,394,1,808.85
2126,727,622,4,505.44
2127,727,360,5,2021.85
2128,727,768,2,878.08
2129,727,680,1,944.76
2130,728,464,5,3865.75
2131,728,674,1,729.28
2132,729,316,5,2292.45
2133,730,737,3,2672.19
2134,730,348,2,658.72
2135,730,538,5,3135.75
2136,730,708,3,1475.4
2137,730,249,3,2022.81
2138,731,153,4,957.16
2139,731,115,2,128.4
2140,731,354,3,1558.02
2141,731,723,2,525.64
2142,732,163,3,625.05
2143,732,729,1,682.6
2144,732,162,1,498.49
2145,732,159,4,3368.8
2146,733,152,5,698.05
2147,733,744,4,338.84
2148,733,493,5,1655.25
2149,733,759,5,3546.8
2150,733,94,2,963.04
2151,734,29,4,1799.16
2152,734,796,3,428.58
2153,734,537,4,3412.0
2154,734,423,3,1488.36
2155,734,223,4,3956.88
2156,735,673,2,143.64
2157,736,793,4,91.2
2158,736,96,3,2523.12
2159,737,794,1,556.28
2160,737,141,4,717.24
2161,737,115,5,321.0
2162,738,419,1,890.76
2163,738,720,3,708.42
2164,739,150,5,3792.8
2165,739,416,3,63.96
2166,739,482,1,450.79
2167,739,242,5,2390.6
2168,740,228,2,357.64
2169,740,149,1,688.39
2170,741,274,2,1986.54
2171,741,638,2,1215.74
2172,742,134,3,1155.93
2173,742,86,2,562.1
2174,743,260,3,738.93
2175,743,141,5,896.55
2176,743,328,3,284.13
2177,743,280,2,1585.44
2178,743,272,2,1193.9
2179,744,686,2,979.24
2180,744,51,4,2056.56
2181,744,196,3,2842.05
2182,744,133,3,2962.23
2183,745,432,5,1530.7
2184,745,336,1,123.6
2185,746,670,3,1998.06
2186,746,606,4,1073.12
2187,746,598,1,680.11
2188,746,129,1,491.51
2189,746,596,5,3105.55
2190,747,737,4,3562.92
2191,747,557,3,1480.98
2192,747,198,2,1225.14
2193,748,795,1,806.17
2194,748,662,2,1260.66
2195,749,323,4,2575.6
2196,749,550,4,458.32
2197,749,691,5,757.85
2198,749,609,2,843.32
2199,750,235,2,1418.82
2200,750,116,2,1962.5
2201,750,559,2,1906.24
2202,751,40,5,4955.7
2203,751,370,3,1381.02
2204,751,615,3,2748.66
2205,751,663,3,2264.46
2206,751,184,1,31.55
2207,752,759,3,2128.08
2208,752,51,5,2570.7
2209,752,437,3,337.44
2210,752,332,3,396.99
2211,752,406,2,436.66
2212,753,509,2,203.38
2213,753,552,1,649.85
2214,753,491,5,3704.15
2215,753,217,2,992.86
2216,754,632,2,756.76
2217,754,290,1,976.2
2218,755,504,1,289.63
2219,755,364,3,1550.97
2220,756,737,2,1781.46
2221,756,464,4,3092.6
2222,756,616,1,389.06
2223,757,181,3,2779.26
2224,758,164,2,532.26
2225,758,749,5,2974.05
2226,758,766,4,3239.44
2227,758,768,2,878.08
2228,758,661,1,569.66
2229,759,674,3,2187.84
2230,759,553,2,354.92
2231,759,315,1,448.57
2232,759,608,4,3844.2
2233,760,389,3,1601.94
2234,760,280,3,2378.16
2235,760,352,2,492.94
2236,760,215,5,947.55
2237,760,564,5,1944.55
2238,761,541,1,389.71
2239,762,355,1,523.69
2240,763,474,1,897.71
2241,763,196,2,1894.7
2242,763,554,1,122.8
2243,764,190,3,2077.83
2244,764,522,4,937.8
2245,764,93,4,606.92
2246,764,717,5,4632.45
2247,764,108,5,3890.7
2248,765,692,2,331.86
2249,765,166,1,857.83
2250,765,535,5,1659.95
2251,765,114,1,537.59
2252,765,751,4,1844.48
2253,766,168,2,232.94
2254,766,679,2,1419.96
2255,766,259,2,937.88
2256,766,112,4,3072.84
2257,767,216,3,2389.11
2258,767,280,1,792.72
2259,768,680,2,1889.52
2260,768,253,3,896.13
2261,768,652,5,1234.95
2262,768,251,4,2155.56
2263,769,765,3,1838.76
2264,770,442,2,335.26
2265,770,764,2,666.76
2266,770,689,3,2834.52
2267,770,240,2,672.84
2268,771,364,4,2067.96
2269,771,274,3,2979.81
2270,771,727,5,4948.2
2271,772,510,5,3262.2
2272,772,512,2,1415.46
2273,772,170,1,54.18
2274,773,796,2,285.72
2275,773,744,4,338.84
2276,773,199,1,409.19
2277,773,296,2,1432.22
2278,774,696,3,2717.85
2279,775,478,5,4975.95
2280,776,90,1,438.83
2281,776,570,4,1216.88
2282,776,650,1,584.14
2283,777,621,4,1051.56
2284,777,56,1,336.74
2285,778,687,5,4672.15
2286,778,137,4,3094.48
2287,778,37,3,2948.19
2288,779,73,5,4733.5
2289,779,478,1,995.19
2290,779,613,3,2881.53
2291,779,451,1,598.45
2292,780,722,2,1072.64
2293,780,319,1,117.11
2294,781,5,5,674.4
2295,781,540,4,689.24
2296,782,349,5,2623.4
2297,783,58,3,1156.38
2298,783,665,5,4213.95
2299,783,423,4,1984.48
2300,783,737,2,1781.46
2301,783,33,2,845.2
2302,784,58,3,1156.38
2303,784,150,2,1517.12
2304,784,260,5,1231.55
2305,784,474,2,1795.42
2306,785,534,4,2697.96
2307,786,438,1,452.16
2308,786,798,1,119.52
2309,786,776,5,4777.7
2310,786,233,5,3971.75
2311,786,470,1,397.41
2312,787,306,2,1295.84
2313,787,403,1,946.02
2314,787,200,4,3453.48
2315,788,548,2,1753.48
2316,788,236,1,954.47
2317,788,699,4,376.96
2318,788,516,5,1015.95
2319,788,745,1,33.63
2320,789,152,4,558.44
2321,789,247,2,1482.16
2322,789,212,3,1829.67
2323,789,693,3,2938.56
2324,790,549,5,2905.0
2325,790,20,4,2826.72
2326,791,117,2,450.02
2327,791,46,4,465.72
2328,791,688,5,4638.25
2329,791,205,5,1824.0
2330,792,54,2,800.68
2331,792,331,1,685.96
2332,793,260,1,246.31
2333,793,667,5,160.65
2334,794,261,5,4822.25
2335,794,562,4,457.0
2336,795,51,5,2570.7
2337,796,162,5,2492.45
2338,797,372,1,769.3
2339,797,498,2,1610.34
2340,797,684,1,89.08
2341,798,225,4,1953.0
2342,798,741,2,1638.46
2343,798,759,2,1418.72
2344,798,622,5,631.8
2345,799,36,1,11.3
2346,800,602,3,2071.2
2347,800,600,3,1844.82
2348,801,32,5,2182.1
2349,801,719,4,2805.32
2350,802,457,1,119.5
2351,802,342,3,2481.03
2352,802,1,1,877.11
2353,802,193,4,586.44
2354,802,412,4,1413.96
2355,803,403,2,1892.04
2356,803,351,3,1206.39
2357,803,87,1,719.52
2358,803,47,4,3455.64
2359,803,7,2,669.04
2360,804,364,3,1550.97
2361,804,664,2,619.02
2362,805,306,5,3239.6
2363,805,220,3,281.88
2364,805,264,5,4162.3
2365,805,466,1,785.55
2366,805,223,1,989.22
2367,806,769,5,2901.85
2368,807,307,3,2595.42
2369,807,672,2,626.36
2370,807,287,1,863.74
2371,807,178,3,2624.55
2372,808,154,3,2237.46
2373,809,516,2,406.38
2374,809,538,2,1254.3
2375,809,248,4,1041.0
2376,810,611,3,1031.25
2377,810,676,1,284.55
2378,811,596,3,1863.33
2379,811,1,1,877.11
2380,811,730,4,1671.2
2381,811,428,3,808.26
2382,811,436,2,1192.92
2383,812,356,2,1701.74
2384,812,416,4,85.28
2385,812,30,2,752.02
2386,812,188,1,800.9
2387,813,208,1,915.55
2388,813,729,4,2730.4
2389,814,746,1,883.84
2390,814,78,4,865.0
2391,814,733,1,954.19
2392,814,350,4,537.4
2393,814,395,4,3411.2
2394,815,69,4,3701.04
2395,815,621,4,1051.56
2396,815,95,4,1783.12
2397,816,168,2,232.94
2398,816,114,3,1612.77
2399,816,250,5,395.5
2400,817,513,3,1036.23
2401,818,646,1,682.46
2402,818,612,5,4267.2
2403,818,767,2,418.94
2404,819,215,3,568.53
2405,819,238,5,4121.05
2406,819,105,1,948.77
2407,820,475,2,1618.32
2408,820,307,2,1730.28
2409,820,764,1,333.38
2410,820,297,4,571.92
2411,820,34,5,3164.0
2412,821,712,2,661.18
2413,822,765,3,1838.76
2414,822,230,5,4946.05
2415,823,552,2,1299.7
2416,823,773,4,479.24
2417,824,67,1,581.06
2418,825,35,2,631.72
2419,825,478,3,2985.57
2420,826,555,4,1812.64
2421,826,642,2,1876.32
2422,827,163,2,416.7
2423,827,433,5,2101.15
2424,827,400,3,2078.76
2425,827,597,4,715.76
2426,828,442,5,838.15
2427,828,737,1,890.73
2428,828,207,1,133.82
2429,828,430,2,1333.76
2430,829,309,4,878.92
2431,829,232,2,390.88
2432,830,100,3,2156.43
2433,830,736,5,1366.35
2434,830,13,1,805.98
2435,830,626,3,229.89
2436,830,324,4,2734.56
2437,831,278,3,2838.3
2438,832,39,4,3885.24
2439,832,209,5,193.2
2440,832,162,1,498.49
2441,832,34,3,1898.4
2442,832,149,1,688.39
2443,833,31,4,475.12
2444,833,464,4,3092.6
2445,833,473,3,466.05
2446,834,366,2,535.74
2447,834,598,3,2040.33
2448,835,742,5,521.55
2449,835,534,5,3372.45
2450,835,530,1,625.92
2451,836,423,4,1984.48
2452,836,28,4,147.64
2453,836,562,4,457.0
2454,836,444,5,590.25
2455,836,34,3,1898.4
2456,837,770,1,951.17
2457,837,177,4,462.28
2458,837,586,1,290.76
2459,837,320,2,1107.96
2460,838,587,3,863.31
2461,838,732,5,1891.8
2462,839,623,3,667.2
2463,840,358,3,2502.21
2464,840,773,5,599.05
2465,840,30,1,376.01
2466,841,573,3,587.64
2467,841,584,1,77.46
2468,841,710,2,1077.72
2469,841,706,1,771.28
2470,842,520,1,38.84
2471,842,109,5,4093.3
2472,842,766,4,3239.44
2473,842,65,3,208.86
2474,842,288,2,181.18
2475,843,238,5,4121.05
2476,843,7,1,334.52
2477,844,467,5,3521.15
2478,844,374,4,2941.72
2479,844,702,1,362.87
2480,845,384,2,98.16
2481,845,243,3,2988.39
2482,845,480,5,251.45
2483,845,224,2,1496.76
2484,845,393,2,1224.06
2485,846,262,1,399.03
2486,847,141,4,717.24
2487,847,393,3,1836.09
2488,848,562,3,342.75
2489,848,452,5,2339.5
2490,849,627,1,324.75
2491,850,329,1,183.99
2492,850,787,4,3196.12
2493,850,326,2,629.86
2494,851,582,1,946.12
2495,851,616,3,1167.18
2496,852,377,1,114.26
2497,852,524,3,2910.57
2498,852,691,5,757.85
2499,852,356,4,3403.48
2500,853,469,1,582.64
2501,854,86,4,1124.2
2502,854,556,3,2268.75
2503,854,398,2,469.04
2504,854,677,3,2479.77
2505,855,348,5,1646.8
2506,856,535,1,331.99
2507,856,484,1,315.8
2508,856,542,2,111.04
2509,856,4,1,943.08
2510,856,35,2,631.72
2511,857,392,3,2506.83
2512,857,423,2,992.24
2513,857,550,1,114.58
2514,858,180,1,479.3
2515,858,16,1,107.15
2516,858,747,3,1931.16
2517,858,404,1,910.04
2518,859,207,4,535.28
2519,859,679,1,709.98
2520,860,705,5,387.7
2521,860,269,1,168.02
2522,860,104,1,465.03
2523,860,18,1,218.81
2524,861,686,1,489.62
2525,861,140,3,575.55
2526,861,703,2,1104.86
2527,861,736,2,546.54
2528,861,359,1,64.99
2529,862,220,3,281.88
2530,862,449,5,3253.25
2531,863,377,2,228.52
2532,863,147,1,755.51
2533,864,723,5,1314.1
2534,864,513,3,1036.23
2535,865,156,1,510.95
2536,865,5,1,134.88
2537,866,425,4,165.52
2538,867,351,3,1206.39
2539,868,619,1,87.13
2540,868,297,4,571.92
2541,868,111,3,2989.47
2542,868,337,3,2624.88
2543,869,206,1,58.55
2544,870,611,5,1718.75
2545,871,635,1,700.55
2546,871,534,2,1348.98
2547,872,622,5,631.8
2548,872,94,2,963.04
2549,872,628,2,120.92
2550,872,704,2,1587.38
2551,872,508,5,158.7
2552,873,305,4,260.6
2553,873,476,3,145.65
2554,873,56,3,1010.22
2555,873,575,1,430.09
2556,873,466,2,1571.1
2557,874,247,4,2964.32
2558,874,61,5,3485.8
2559,874,131,1,934.93
2560,874,273,2,139.56
2561,875,211,3,2053.95
2562,875,552,1,649.85
2563,876,82,3,1722.15
2564,876,111,2,1992.98
2565,876,423,4,1984.48
2566,876,664,2,619.02
2567,877,796,4,571.44
2568,877,148,2,1388.14
2569,877,114,3,1612.77
2570,877,638,3,1823.61
2571,877,315,2,897.14
2572,878,21,4,3539.8
2573,879,34,5,3164.0
2574,879,635,5,3502.75
2575,880,355,1,523.69
2576,881,269,2,336.04
2577,882,112,5,3841.05
2578,882,125,3,312.48
2579,882,174,3,1153.2
2580,882,32,1,436.42
2581,882,122,5,101.8
2582,883,786,3,47.49
2583,883,365,2,87.2
2584,884,383,3,2259.75
2585,884,777,3,1191.66
2586,884,705,4,310.16
2587,884,594,2,873.2
2588,884,280,4,3170.88
2589,885,66,3,1582.83
2590,885,393,2,1224.06
2591,885,576,1,67.78
2592,885,45,3,2429.28
2593,886,199,3,1227.57
2594,887,512,4,2830.92
2595,887,777,5,1986.1
2596,888,317,3,1575.9
2597,888,86,2,562.1
2598,888,612,3,2560.32
2599,889,687,1,934.43
2600,889,781,4,876.4
2601,890,738,5,3744.25
2602,890,709,2,1213.28
2603,890,403,1,946.02
2604,891,552,5,3249.25
2605,891,210,1,88.85
2606,891,115,4,256.8
2607,891,15,4,3086.16
2608,892,782,4,1105.44
2609,893,519,1,411.23
2610,893,393,3,1836.09
2611,893,205,4,1459.2
2612,893,53,3,1667.19
2613,893,204,1,426.3
2614,894,75,2,1868.14
2615,894,36,5,56.5
2616,895,756,4,3178.04
2617,896,45,4,3239.04
2618,896,111,2,1992.98
2619,897,306,3,1943.76
2620,897,630,4,1032.68
2621,897,246,3,2402.88
2622,897,646,5,3412.3
2623,897,138,2,403.4
2624,898,753,2,222.42
2625,898,517,4,1535.24
2626,899,62,5,3073.2
2627,900,371,1,218.15
2628,900,209,5,193.2
2629,900,590,4,2554.36
2630,900,417,2,1553.54
2631,901,520,2,77.68
2632,902,652,5,1234.95
2633,902,468,5,399.55
2634,902,246,5,4004.8
2635,902,219,5,1410.25
2636,902,768,3,1317.12
2637,903,704,4,3174.76
2638,903,156,2,1021.9
2639,903,15,5,3857.7
2640,903,127,2,1190.06
2641,903,410,4,3606.16
2642,904,386,5,3022.7
2643,904,614,2,1789.02
2644,904,9,1,72.23
2645,904,201,5,3397.0
2646,904,209,2,77.28
2647,905,616,3,1167.18
2648,905,579,1,55.83
2649,905,180,4,1917.2
2650,906,503,5,3637.0
2651,906,622,3,379.08
2652,906,787,5,3995.15
2653,907,353,3,977.25
2654,907,75,4,3736.28
2655,907,391,2,930.6
2656,907,28,2,73.82
2657,907,629,1,387.01
2658,908,334,2,902.08
2659,908,785,2,632.18
2660,908,40,2,1982.28
2661,908,123,5,4890.9
2662,909,418,1,128.36
2663,910,241,2,1197.16
2664,910,446,2,1375.08
2665,910,246,3,2402.88
2666,911,749,4,2379.24
2667,911,570,4,1216.88
2668,911,443,2,1730.46
2669,911,427,2,1969.28
2670,912,326,4,1259.72
2671,912,244,2,1332.04
2672,912,294,5,4332.6
2673,913,796,3,428.58
2674,913,709,3,1819.92
2675,913,252,1,911.55
2676,914,9,4,288.92
2677,914,256,5,3511.5
2678,914,260,5,1231.55
2679,914,480,1,50.29
2680,914,166,1,857.83
2681,915,401,5,3106.8
2682,915,316,1,458.49
2683,915,761,3,2930.73
2684,915,797,3,872.76
2685,916,437,5,562.4
2686,917,727,1,989.64
2687,918,62,4,2458.56
2688,918,333,4,379.52
2689,918,69,1,925.26
2690,919,201,3,2038.2
2691,919,196,3,2842.05
2692,919,246,1,800.96
2693,919,384,3,147.24
2694,920,430,1,666.88
2695,920,520,4,155.36
2696,920,622,5,631.8
2697,920,585,1,734.64
2698,921,652,5,1234.95
2699,921,582,3,2838.36
2700,921,388,5,2935.35
2701,921,466,5,3927.75
2702,922,39,3,2913.93
2703,922,166,4,3431.32
2704,922,193,5,733.05
2705,923,464,1,773.15
2706,923,211,1,684.65
2707,923,709,3,1819.92
2708,924,156,1,510.95
2709,924,182,4,3046.0
2710,924,204,5,2131.5
2711,924,256,2,1404.6
2712,924,469,5,2913.2
2713,925,3,4,3497.52
2714,926,736,1,273.27
2715,926,74,3,2593.56
2716,926,142,3,626.85
2717,927,758,1,217.51
2718,927,76,1,172.14
2719,928,170,4,216.72
2720,929,112,3,2304.63
2721,929,782,4,1105.44
2722,929,780,4,3189.96
2723,929,469,1,582.64
2724,929,371,3,654.45
2725,930,621,2,525.78
2726,930,275,4,416.92
2727,930,725,5,2160.9
2728,930,48,5,3950.4
2729,930,485,2,1377.98
2730,931,176,2,460.96
2731,931,24,5,1317.3
2732,931,619,4,348.52
2733,931,698,3,1805.04
2734,932,755,5,4389.65
2735,932,540,1,172.31
2736,932,691,3,454.71
2737,932,636,2,1093.28
2738,933,452,2,935.8
2739,933,70,1,430.42
2740,933,214,3,2328.33
2741,933,170,4,216.72
2742,933,545,4,2536.28
2743,934,524,1,970.19
2744,934,484,4,1263.2
2745,935,717,5,4632.45
2746,935,384,2,98.16
2747,936,443,2,1730.46
2748,936,469,5,2913.2
2749,936,80,4,2246.8
2750,936,187,3,1738.83
2751,937,527,1,256.6
2752,937,451,3,1795.35
2753,937,58,3,1156.38
2754,937,466,3,2356.65
2755,937,796,1,142.86
2756,938,377,4,457.04
2757,939,355,3,1571.07
2758,939,327,2,1538.32
2759,939,400,2,1385.84
2760,939,748,2,1683.4
2761,939,294,1,866.52
2762,940,103,2,1692.0
2763,940,461,1,551.97
2764,940,759,4,2837.44
2765,940,342,1,827.01
2766,940,776,2,1911.08
2767,941,549,1,581.0
2768,941,591,2,73.64
2769,941,136,4,2886.04
2770,942,136,5,3607.55
2771,942,753,3,333.63
2772,942,746,3,2651.52
2773,942,195,5,1863.75
2774,943,448,2,1744.92
2775,943,3,4,3497.52
2776,943,615,2,1832.44
2777,944,272,5,2984.75
2778,944,298,1,14.43
2779,944,62,4,2458.56
2780,944,592,2,540.16
2781,944,297,1,142.98
2782,945,739,5,3607.75
2783,945,795,4,3224.68
2784,945,299,1,208.0
2785,946,436,5,2982.3
2786,946,634,4,2091.84
2787,946,568,5,1339.35
2788,947,386,4,2418.16
2789,947,443,1,865.23
2790,947,753,3,333.63
2791,948,607,3,2121.27
2792,948,785,4,1264.36
2793,948,710,5,2694.3
2794,949,684,5,445.4
2795,949,774,3,2611.56
2796,949,123,5,4890.9
2797,949,122,2,40.72
2798,949,360,4,1617.48
2799,950,9,3,216.69
2800,950,311,5,4446.4
2801,951,273,3,209.34
2802,951,594,2,873.2
2803,951,137,2,1547.24
2804,952,187,3,1738.83
2805,952,766,5,4049.3
2806,952,207,3,401.46
2807,953,229,3,2507.25
2808,953,661,4,2278.64
2809,953,79,3,2897.49
2810,954,454,3,2917.62
2811,955,261,3,2893.35
2812,956,371,3,654.45
2813,957,143,3,826.65
2814,957,74,3,2593.56
2815,958,591,4,147.28
2816,958,115,1,64.2
2817,958,75,5,4670.35
2818,958,60,4,3809.0
2819,959,423,4,1984.48
2820,960,135,5,952.9
2821,960,748,5,4208.5
2822,961,726,2,1849.72
2823,961,582,4,3784.48
2824,961,395,1,852.8
2825,961,321,5,1059.65
2826,961,175,1,855.18
2827,962,684,4,356.32
2828,962,554,1,122.8
2829,962,675,2,1846.9
2830,962,392,5,4178.05
2831,962,708,3,1475.4
2832,963,663,2,1509.64
2833,963,102,5,1252.7
2834,963,790,1,286.17
2835,963,259,1,468.94
2836,963,563,5,4606.95
2837,964,79,5,4829.15
2838,964,543,1,212.49
2839,964,785,4,1264.36
2840,964,764,4,1333.52
2841,965,161,3,744.57
2842,965,320,5,2769.9
2843,965,195,3,1118.25
2844,965,728,1,398.53
2845,965,11,5,3759.85
2846,966,318,3,1899.09
2847,966,374,4,2941.72
2848,966,640,5,3167.45
2849,967,647,5,2335.75
2850,967,12,4,2759.56
2851,967,513,1,345.41
2852,967,296,4,2864.44
2853,968,714,4,2823.48
2854,968,69,2,1850.52
2855,969,642,4,3752.64
2856,969,704,2,1587.38
2857,969,173,4,2232.64
2858,970,48,5,3950.4
2859,970,88,1,477.95
2860,971,759,2,1418.72
2861,971,652,2,493.98
2862,972,361,2,159.38
2863,972,574,4,2705.64
2864,973,3,1,874.38
2865,973,610,5,812.15
2866,973,413,4,331.76
2867,974,570,3,912.66
2868,974,320,5,2769.9
2869,974,22,5,2521.0
2870,974,134,3,1155.93
2871,975,380,5,1461.85
2872,975,293,3,2332.29
2873,975,66,4,2110.44
2874,975,704,4,3174.76
2875,976,63,1,925.58
2876,976,58,3,1156.38
2877,977,199,4,1636.76
2878,978,310,3,571.98
2879,978,546,5,3817.65
2880,978,343,2,618.98
2881,978,584,5,387.3
2882,978,682,3,1065.27
2883,979,636,5,2733.2
2884,979,467,5,3521.15
2885,980,100,3,2156.43
2886,980,428,5,1347.1
2887,980,249,1,674.27
2888,981,736,5,1366.35
2889,981,668,2,1663.86
2890,981,268,3,903.54
2891,982,236,1,954.47
2892,983,108,5,3890.7
2893,983,45,3,2429.28
2894,983,413,4,331.76
2895,984,77,5,1951.35
2896,984,379,2,1364.9
2897,984,536,5,3859.75
2898,985,313,4,3038.12
2899,985,579,2,111.66
2900,986,148,5,3470.35
2901,986,772,2,194.6
2902,987,480,5,251.45
2903,987,565,4,2058.72
2904,987,420,3,973.53
2905,987,637,5,4886.95
2906,988,452,2,935.8
2907,988,324,2,1367.28
2908,988,217,4,1985.72
2909,989,320,2,1107.96
2910,989,712,4,1322.36
2911,989,666,4,483.52
2912,989,223,1,989.22
2913,990,372,5,3846.5
2914,990,98,5,3262.65
2915,990,62,4,2458.56
2916,990,71,2,1270.16
2917,990,769,1,580.37
2918,991,463,1,456.96
2919,991,408,4,2559.64
2920,991,721,5,3189.5
2921,992,471,1,112.87
2922,992,177,4,462.28
2923,992,206,2,117.1
2924,992,369,5,1143.8
2925,993,404,1,910.04
2926,994,503,2,1454.8
2927,994,688,4,3710.6
2928,994,775,3,2584.5
2929,995,77,1,390.27
2930,995,152,3,418.83
2931,995,642,4,3752.64
2932,995,16,4,428.6
2933,996,613,5,4802.55
2934,997,383,5,3766.25
2935,997,446,5,3437.7
2936,997,714,2,1411.74
2937,997,45,2,1619.52
2938,997,718,5,4890.35
2939,998,786,3,47.49
2940,998,118,4,3201.2
2941,998,458,2,211.24
2942,998,701,2,1190.84
2943,999,386,1,604.54
2944,999,530,3,1877.76
2945,999,333,3,284.64
2946,999,62,4,2458.56
2947,1000,97,4,3832.92
2948,1000,217,3,1489.29
2949,1001,2,5,188.65
2950,1001,333,3,284.64
2951,1001,456,4,978.64
2952,1002,405,5,2197.95
2953,1002,161,1,248.19
2954,1002,517,2,767.62
2955,1002,314,4,3220.04
2956,1003,278,1,946.1
2957,1004,53,4,2222.92
2958,1004,28,5,184.55
2959,1004,5,4,539.52
2960,1004,241,1,598.58
2961,1005,277,1,944.16
2962,1005,261,2,1928.9
2963,1005,34,5,3164.0
2964,1006,301,2,1458.16
2965,1007,695,5,404.75
2966,1007,585,4,2938.56
2967,1007,588,1,606.37
2968,1007,681,3,291.9
2969,1008,368,1,354.08
2970,1008,287,2,1727.48
2971,1009,384,5,245.4
2972,1010,354,1,519.34
2973,1010,582,5,4730.6
2974,1011,58,5,1927.3
2975,1011,231,3,51.3
2976,1011,779,4,748.4
2977,1011,411,3,2274.15
2978,1011,363,5,1056.95
2979,1012,501,3,1916.97
2980,1013,436,1,596.46
2981,1013,744,2,169.42
2982,1013,272,5,2984.75
2983,1013,547,4,2877.16
2984,1013,146,5,1775.8
2985,1014,626,2,153.26
2986,1014,680,2,1889.52
2987,1014,162,3,1495.47
2988,1014,514,3,825.93
2989,1015,465,3,2003.55
2990,1016,781,3,657.3
2991,1016,260,3,738.93
2992,1016,389,1,533.98
2993,1017,358,3,2502.21
2994,1018,158,1,677.29
2995,1018,196,5,4736.75
2996,1018,55,4,3558.24
2997,1019,633,2,1500.52
2998,1019,465,3,2003.55
2999,1019,495,3,1470.03
3000,1019,428,1,269.42
3001,1019,535,5,1659.95
3002,1020,64,3,1316.16
3003,1020,547,5,3596.45
3004,1020,654,4,3763.64
3005,1020,452,5,2339.5
3006,1020,164,2,532.26
3007,1021,313,2,1519.06
3008,1021,329,1,183.99
3009,1021,550,1,114.58
3010,1021,522,5,1172.25
3011,1022,462,3,442.35
3012,1022,638,4,2431.48
3013,1023,38,4,2174.52
3014,1023,67,2,1162.12
3015,1023,374,2,1470.86
3016,1024,67,5,2905.3
3017,1024,741,1,819.23
3018,1025,620,1,703.79
3019,1025,739,1,721.55
3020,1026,557,5,2468.3
3021,1026,287,1,863.74
3022,1026,597,2,357.88
3023,1026,176,5,1152.4
3024,1026,651,4,2981.28
3025,1027,378,3,2655.03
3026,1027,443,2,1730.46
3027,1027,414,4,57.48
3028,1028,57,3,2945.67
3029,1029,529,5,549.15
3030,1029,688,4,3710.6
3031,1029,97,1,958.23
3032,1029,375,1,475.64
3033,1030,170,1,54.18
3034,1030,635,4,2802.2
3035,1030,382,1,395.26
3036,1030,676,5,1422.75
3037,1030,708,5,2459.0
3038,1031,505,4,3161.24
3039,1031,444,5,590.25
3040,1031,10,2,806.72
3041,1031,4,2,1886.16
3042,1031,94,5,2407.6
3043,1032,216,3,2389.11
3044,1033,43,5,3233.15
3045,1033,243,4,3984.52
3046,1034,617,1,508.29
3047,1034,255,5,2617.35
3048,1035,149,2,1376.78
3049,1035,741,5,4096.15
3050,1035,397,5,2331.2
3051,1035,716,4,802.76
3052,1036,107,3,272.67
3053,1036,117,3,675.03
3054,1036,212,5,3049.45
3055,1036,443,2,1730.46
3056,1037,762,1,460.02
3057,1038,300,4,3199.08
3058,1038,756,4,3178.04
3059,1038,446,3,2062.62
3060,1038,410,4,3606.16
3061,1038,664,3,928.53
3062,1039,679,2,1419.96
3063,1039,627,2,649.5
3064,1039,498,5,4025.85
3065,1039,203,4,990.84
3066,1040,61,5,3485.8
3067,1040,579,3,167.49
3068,1041,403,3,2838.06
3069,1041,339,3,117.0
3070,1041,317,2,1050.6
3071,1041,499,3,232.8
3072,1041,411,2,1516.1
3073,1042,718,2,1956.14
3074,1043,131,1,934.93
3075,1044,367,3,1668.96
3076,1044,393,3,1836.09
3077,1044,34,3,1898.4
3078,1045,123,3,2934.54
3079,1045,723,3,788.46
3080,1046,673,5,359.1
3081,1046,446,5,3437.7
3082,1046,110,2,553.18
3083,1046,263,5,800.4
3084,1046,539,2,1964.18
3085,1047,537,2,1706.0
3086,1047,92,4,2877.0
3087,1047,72,5,4105.1
3088,1047,116,3,2943.75
3089,1047,343,5,1547.45
3090,1048,456,3,733.98
3091,1048,500,1,519.18
3092,1048,192,1,277.27
3093,1049,256,2,1404.6
3094,1050,472,2,1685.5
3095,1050,715,5,4625.25
3096,1051,356,3,2552.61
3097,1051,550,5,572.9
3098,1051,90,4,1755.32
3099,1051,586,5,1453.8
3100,1052,621,1,262.89
3101,1053,287,2,1727.48
3102,1054,151,2,1263.18
3103,1055,230,4,3956.84
3104,1056,490,4,382.16
3105,1056,83,3,1516.44
3106,1056,431,4,360.96
3107,1056,160,4,3312.4
3108,1056,174,5,1922.0
3109,1057,208,4,3662.2
3110,1057,688,2,1855.3
3111,1057,627,4,1299.0
3112,1057,362,1,615.67
3113,1057,768,5,2195.2
3114,1058,156,2,1021.9
3115,1059,690,1,554.36
3116,1060,236,2,1908.94
3117,1060,295,4,388.76
3118,1060,197,2,326.78
3119,1060,52,1,481.43
3120,1060,448,5,4362.3
3121,1061,337,2,1749.92
3122,1062,469,5,2913.2
3123,1062,754,2,641.5
3124,1062,688,5,4638.25
3125,1062,335,5,4691.0
3126,1062,549,1,581.0
3127,1063,358,1,834.07
3128,1063,186,4,3765.96
3129,1064,301,1,729.08
3130,1064,284,1,719.91
3131,1064,501,3,1916.97
3132,1065,687,5,4672.15
3133,1065,13,2,1611.96
3134,1065,294,4,3466.08
3135,1065,648,2,1025.68
3136,1066,341,1,542.99
3137,1066,547,4,2877.16
3138,1066,429,2,1005.52
3139,1066,788,3,2064.18
3140,1066,72,4,3284.08
3141,1067,746,2,1767.68
3142,1068,733,3,2862.57
3143,1068,74,5,4322.6
3144,1068,572,4,1028.96
3145,1068,397,3,1398.72
3146,1068,128,5,2402.05
3147,1069,533,5,2915.15
3148,1069,515,1,510.9
3149,1069,462,5,737.25
3150,1070,560,5,200.7
3151,1070,779,3,561.3
3152,1070,98,1,652.53
3153,1070,316,5,2292.45
3154,1071,344,4,2699.8
3155,1071,85,4,1354.76
3156,1071,450,4,2130.52
3157,1071,783,1,321.46
3158,1072,213,1,574.48
3159,1072,128,3,1441.23
3160,1072,211,3,2053.95
3161,1072,740,1,467.16
3162,1073,226,3,1318.05
3163,1073,10,3,1210.08
3164,1073,529,2,219.66
3165,1074,530,1,625.92
3166,1074,195,1,372.75
3167,1074,622,1,126.36
3168,1074,389,5,2669.9
3169,1075,167,3,2821.08
3170,1075,598,4,2720.44
3171,1075,85,5,1693.45
3172,1075,388,2,1174.14
3173,1076,604,2,1724.98
3174,1076,443,5,4326.15
3175,1077,659,2,1242.9
3176,1077,142,3,626.85
3177,1077,440,1,610.65
3178,1077,454,1,972.54
3179,1077,344,3,2024.85
3180,1078,714,3,2117.61
3181,1078,274,1,993.27
3182,1078,154,1,745.82
3183,1078,788,3,2064.18
3184,1078,211,5,3423.25
3185,1079,693,5,4897.6
3186,1079,69,2,1850.52
3187,1079,197,2,326.78
3188,1080,404,2,1820.08
3189,1080,235,2,1418.82
3190,1081,369,5,1143.8
3191,1081,292,2,499.56
3192,1081,723,5,1314.1
3193,1081,117,4,900.04
3194,1082,3,1,874.38
3195,1082,434,3,919.8
3196,1082,521,2,1281.04
3197,1082,376,4,1968.24
3198,1082,304,4,2410.52
3199,1083,708,3,1475.4
3200,1084,159,1,842.2
3201,1084,471,1,112.87
3202,1085,622,2,252.72
3203,1085,337,2,1749.92
3204,1086,407,3,2472.12
3205,1087,553,1,177.46
3206,1087,525,1,353.62
3207,1088,425,1,41.38
3208,1088,726,4,3699.44
3209,1088,257,4,3766.76
3210,1088,460,1,394.02
3211,1088,550,5,572.9
3212,1089,472,4,3371.0
3213,1089,737,5,4453.65
3214,1089,562,3,342.75
3215,1089,565,5,2573.4
3216,1089,303,5,1139.5
3217,1090,164,3,798.39
3218,1090,716,5,1003.45
3219,1091,662,1,630.33
3220,1091,381,1,694.72
3221,1091,503,1,727.4
3222,1091,53,5,2778.65
3223,1092,527,4,1026.4
3224,1092,370,4,1841.36
3225,1092,80,5,2808.5
3226,1092,244,4,2664.08
3227,1092,252,4,3646.2
3228,1093,472,3,2528.25
3229,1093,713,2,1221.44
3230,1093,299,5,1040.0
3231,1093,357,2,1719.54
3232,1094,396,4,991.36
3233,1094,354,2,1038.68
3234,1094,207,3,401.46
3235,1094,76,3,516.42
3236,1094,795,3,2418.51
3237,1095,649,1,527.66
3238,1095,149,4,2753.56
3239,1095,399,1,618.01
3240,1095,54,1,400.34
3241,1096,134,4,1541.24
3242,1096,20,3,2120.04
3243,1096,513,3,1036.23
3244,1097,387,1,151.74
3245,1097,110,5,1382.95
3246,1097,522,4,937.8
3247,1097,388,5,2935.35
3248,1098,87,5,3597.6
3249,1098,543,1,212.49
3250,1098,16,5,535.75
3251,1099,204,2,852.6
3252,1099,101,2,1294.6
3253,1100,647,2,934.3
3254,1100,115,3,192.6
3255,1100,179,2,1207.02
3256,1100,504,2,579.26
3257,1101,558,4,2426.48
3258,1101,118,5,4001.5
3259,1101,64,1,438.72
3260,1102,540,3,516.93
3261,1103,153,1,239.29
3262,1103,736,5,1366.35
3263,1103,277,1,944.16
3264,1103,340,4,2334.04
3265,1103,702,4,1451.48
3266,1104,631,1,127.71
3267,1104,150,3,2275.68
3268,1104,570,1,304.22
3269,1104,668,5,4159.65
3270,1104,353,2,651.5
3271,1105,353,4,1303.0
3272,1105,762,4,1840.08
3273,1106,165,2,957.94
3274,1106,467,2,1408.46
3275,1107,558,2,1213.24
3276,1107,738,1,748.85
3277,1107,165,1,478.97
3278,1108,339,2,78.0
3279,1109,234,3,2385.78
3280,1109,310,5,953.3
3281,1109,270,3,2900.13
3282,1110,127,5,2975.15
3283,1110,585,3,2203.92
3284,1111,309,4,878.92
3285,1111,288,1,90.59
3286,1111,199,2,818.38
3287,1111,778,4,1870.32
3288,1111,696,2,1811.9
3289,1112,119,3,2096.22
3290,1112,460,2,788.04
3291,1113,186,3,2824.47
3292,1113,424,2,1885.54
3293,1113,484,4,1263.2
3294,1114,641,2,714.2
3295,1114,626,1,76.63
3296,1114,54,4,1601.36
3297,1114,530,2,1251.84
3298,1115,763,3,169.92
3299,1115,634,4,2091.84
3300,1116,434,5,1533.0
3301,1116,752,2,863.4
3302,1116,746,5,4419.2
3303,1116,691,3,454.71
3304,1117,244,3,1998.06
3305,1117,306,1,647.92
3306,1117,357,5,4298.85
3307,1118,260,5,1231.55
3308,1118,205,3,1094.4
3309,1118,644,5,3057.2
3310,1119,67,2,1162.12
3311,1119,229,1,835.75
3312,1120,133,5,4937.05
3313,1120,748,1,841.7
3314,1121,600,4,2459.76
3315,1121,440,1,610.65
3316,1121,150,2,1517.12
3317,1121,387,1,151.74
3318,1122,635,4,2802.2
3319,1122,439,4,3275.0
3320,1123,732,4,1513.44
3321,1123,3,3,2623.14
3322,1123,760,5,342.35
3323,1124,339,3,117.0
3324,1125,100,2,1437.62
3325,1125,176,5,1152.4
3326,1125,309,1,219.73
3327,1126,341,2,1085.98
3328,1126,510,2,1304.88
3329,1126,448,4,3489.84
3330,1126,115,2,128.4
3331,1126,151,5,3157.95
3332,1127,361,1,79.69
3333,1127,757,2,1085.82
3334,1128,313,1,759.53
3335,1128,372,1,769.3
3336,1128,26,2,1922.4
3337,1129,60,2,1904.5
3338,1130,635,2,1401.1
3339,1130,769,5,2901.85
3340,1131,179,5,3017.55
3341,1131,22,2,1008.4
3342,1131,422,3,1180.17
3343,1132,417,5,3883.85
3344,1132,57,4,3927.56
3345,1132,170,1,54.18
3346,1132,261,1,964.45
3347,1133,472,4,3371.0
3348,1133,284,4,2879.64
3349,1134,353,1,325.75
3350,1134,146,2,710.32
3351,1134,753,5,556.05
3352,1135,197,2,326.78
3353,1135,67,5,2905.3
3354,1135,317,3,1575.9
3355,1135,607,3,2121.27
3356,1136,569,1,794.59
3357,1137,317,3,1575.9
3358,1137,715,1,925.05
3359,1137,109,5,4093.3
3360,1138,49,3,1973.76
3361,1139,672,5,1565.9
3362,1139,4,5,4715.4
3363,1140,648,2,1025.68
3364,1140,507,5,2972.0
3365,1140,210,5,444.25
3366,1141,359,3,194.97
3367,1141,737,2,1781.46
3368,1141,56,4,1346.96
3369,1142,585,5,3673.2
3370,1143,455,5,3475.3
3371,1143,118,4,3201.2
3372,1143,587,1,287.77
3373,1143,121,3,2384.79
3374,1143,575,2,860.18
3375,1144,166,4,3431.32
3376,1144,24,1,263.46
3377,1144,662,1,630.33
3378,1144,622,1,126.36
3379,1145,565,5,2573.4
3380,1145,793,2,45.6
3381,1145,391,3,1395.9
3382,1146,786,3,47.49
3383,1146,481,1,747.69
3384,1146,603,5,2571.6
3385,1146,229,2,1671.5
3386,1147,196,4,3789.4
3387,1147,743,2,136.3
3388,1148,80,5,2808.5
3389,1149,703,1,552.43
3390,1149,10,1,403.36
3391,1150,262,4,1596.12
3392,1151,378,1,885.01
3393,1151,32,4,1745.68
3394,1151,309,5,1098.65
3395,1151,534,3,2023.47
3396,1151,619,4,348.52
3397,1152,209,5,193.2
3398,1152,547,2,1438.58
3399,1152,424,2,1885.54
3400,1152,191,2,727.52
3401,1152,683,1,204.61
3402,1153,293,1,777.43
3403,1153,160,3,2484.3
3404,1153,491,5,3704.15
3405,1153,230,5,4946.05
3406,1153,202,4,1392.2
3407,1154,627,5,1623.75
3408,1154,438,3,1356.48
3409,1154,274,1,993.27
3410,1155,359,2,129.98
3411,1156,100,2,1437.62
3412,1157,24,5,1317.3
3413,1157,462,3,442.35
3414,1158,373,1,740.87
3415,1159,717,1,926.49
3416,1159,25,2,386.32
3417,1159,177,1,115.57
3418,1159,715,2,1850.1
3419,1159,465,2,1335.7
3420,1160,86,4,1124.2
3421,1160,583,4,1696.68
3422,1161,676,2,569.1
3423,1161,207,2,267.64
3424,1161,697,2,219.28
3425,1162,196,5,4736.75
3426,1162,129,1,491.51
3427,1162,142,4,835.8
3428,1163,81,3,2481.72
3429,1163,563,1,921.39
3430,1164,45,3,2429.28
3431,1164,22,2,1008.4
3432,1165,659,3,1864.35
3433,1165,742,3,312.93
3434,1166,698,4,2406.72
3435,1167,489,1,151.0
3436,1168,109,1,818.66
3437,1169,298,5,72.15
3438,1169,623,3,667.2
3439,1169,534,3,2023.47
3440,1169,782,4,1105.44
3441,1170,556,1,756.25
3442,1170,179,4,2414.04
3443,1170,784,5,913.75
3444,1170,544,3,305.4
3445,1171,553,2,354.92
3446,1171,589,5,2142.75
3447,1171,55,1,889.56
3448,1171,398,4,938.08
3449,1171,67,5,2905.3
3450,1172,534,1,674.49
3451,1172,589,3,1285.65
3452,1172,695,1,80.95
3453,1172,479,3,510.96
3454,1172,240,1,336.42
3455,1173,601,5,3862.25
3456,1173,129,5,2457.55
3457,1173,324,1,683.64
3458,1174,521,3,1921.56
3459,1174,488,3,72.39
3460,1174,779,3,561.3
3461,1175,233,3,2383.05
3462,1175,756,5,3972.55
3463,1175,696,4,3623.8
3464,1176,620,1,703.79
3465,1176,183,1,845.71
3466,1177,350,4,537.4
3467,1177,564,2,777.82
3468,1177,439,1,818.75
3469,1178,566,4,744.72
3470,1178,625,3,2569.11
3471,1178,322,1,61.7
3472,1179,15,2,1543.08
3473,1179,58,1,385.46
3474,1179,578,4,1541.68
3475,1180,112,5,3841.05
3476,1180,634,2,1045.92
3477,1180,207,2,267.64
3478,1180,616,5,1945.3
3479,1181,599,2,94.8
3480,1181,455,1,695.06
3481,1182,573,4,783.52
3482,1182,267,5,1589.6
3483,1182,233,4,3177.4
3484,1182,105,2,1897.54
3485,1183,171,2,1826.54
3486,1183,164,1,266.13
3487,1183,714,4,2823.48
3488,1184,432,2,612.28
3489,1184,264,3,2497.38
3490,1184,247,4,2964.32
3491,1185,366,5,1339.35
3492,1185,299,1,208.0
3493,1185,97,4,3832.92
3494,1185,520,4,155.36
3495,1186,552,4,2599.4
3496,1186,81,1,827.24
3497,1186,17,4,1498.04
3498,1186,549,5,2905.0
3499,1186,8,4,726.8
3500,1187,123,4,3912.72
3501,1187,500,2,1038.36
3502,1188,319,2,234.22
3503,1188,363,5,1056.95
3504,1188,511,2,783.54
3505,1189,592,4,1080.32
3506,1189,111,4,3985.96
3507,1190,727,1,989.64
3508,1191,192,3,831.81
3509,1192,748,4,3366.8
3510,1192,531,4,3774.24
3511,1192,523,3,1648.32
3512,1193,208,5,4577.75
3513,1193,33,3,1267.8
3514,1193,414,5,71.85
3515,1193,454,5,4862.7
3516,1193,725,3,1296.54
3517,1194,404,3,2730.12
3518,1194,311,1,889.28
3519,1195,182,4,3046.0
3520,1195,674,3,2187.84
3521,1195,214,4,3104.44
3522,1195,659,3,1864.35
3523,1195,236,2,1908.94
3524,1196,346,3,1021.35
3525,1196,237,4,1444.8
3526,1196,115,5,321.0
3527,1196,494,3,1986.57
3528,1197,68,1,89.37
3529,1197,554,5,614.0
3530,1198,494,5,3310.95
3531,1198,108,1,778.14
3532,1198,106,3,2964.96
3533,1199,224,3,2245.14
3534,1199,196,2,1894.7
3535,1200,539,2,1964.18
3536,1201,402,3,1921.29
3537,1201,737,5,4453.65
3538,1201,718,4,3912.28
3539,1201,351,3,1206.39
3540,1201,155,5,4591.4
3541,1202,384,4,196.32
3542,1202,507,2,1188.8
3543,1203,282,3,646.77
3544,1203,112,4,3072.84
3545,1203,356,2,1701.74
3546,1203,439,3,2456.25
3547,1203,226,5,2196.75
3548,1204,47,1,863.91
3549,1204,793,2,45.6
3550,1204,234,2,1590.52
3551,1205,510,3,1957.32
3552,1205,324,2,1367.28
3553,1205,93,4,606.92
3554,1205,64,2,877.44
3555,1206,459,2,910.3
3556,1206,519,1,411.23
3557,1206,366,3,803.61
3558,1207,60,3,2856.75
3559,1208,236,5,4772.35
3560,1208,455,1,695.06
3561,1208,740,2,934.32
3562,1209,599,1,47.4
3563,1209,109,1,818.66
3564,1209,613,5,4802.55
3565,1209,365,2,87.2
3566,1209,752,5,2158.5
3567,1210,585,2,1469.28
3568,1210,722,5,2681.6
3569,1211,139,5,2055.85
3570,1211,437,5,562.4
3571,1211,711,5,4753.45
3572,1212,421,1,72.49
3573,1212,484,3,947.4
3574,1213,518,3,713.73
3575,1213,737,1,890.73
3576,1213,269,2,336.04
3577,1214,627,3,974.25
3578,1214,440,5,3053.25
3579,1214,160,2,1656.2
3580,1215,88,5,2389.75
3581,1215,349,3,1574.04
3582,1215,284,5,3599.55
3583,1216,796,4,571.44
3584,1216,126,1,889.43
3585,1217,557,3,1480.98
3586,1217,19,1,960.7
3587,1218,258,1,57.69
3588,1219,761,5,4884.55
3589,1219,457,5,597.5
3590,1219,345,2,1298.66
3591,1220,666,1,120.88
3592,1220,455,2,1390.12
3593,1221,116,1,981.25
3594,1222,68,5,446.85
3595,1222,760,1,68.47
3596,1222,148,1,694.07
3597,1222,86,3,843.15
3598,1222,158,1,677.29
3599,1223,138,4,806.8
3600,1223,382,1,395.26
3601,1224,708,2,983.6
3602,1224,775,4,3446.0
3603,1224,361,3,239.07
3604,1224,169,2,339.68
3605,1224,268,2,602.36
3606,1225,790,5,1430.85
3607,1225,388,2,1174.14
3608,1225,122,4,81.44
3609,1225,657,5,2848.05
3610,1225,488,5,120.65
3611,1226,638,1,607.87
3612,1227,593,1,258.2
3613,1227,654,3,2822.73
3614,1227,500,1,519.18
3615,1227,651,3,2235.96
3616,1228,633,3,2250.78
3617,1229,356,5,4254.35
3618,1229,560,4,160.56
3619,1229,49,5,3289.6
3620,1230,697,5,548.2
3621,1230,547,4,2877.16
3622,1230,413,1,82.94
3623,1231,774,3,2611.56
3624,1232,561,3,503.37
3625,1232,646,2,1364.92
3626,1233,380,2,584.74
3627,1233,57,2,1963.78
3628,1234,373,3,2222.61
3629,1234,529,1,109.83
3630,1234,796,2,285.72
3631,1234,118,2,1600.6
3632,1235,317,5,2626.5
3633,1235,673,4,287.28
3634,1235,780,4,3189.96
3635,1235,56,2,673.48
3636,1235,457,2,239.0
3637,1236,401,5,3106.8
3638,1236,596,3,1863.33
3639,1237,670,2,1332.04
3640,1237,622,3,379.08
3641,1237,469,3,1747.92
3642,1238,549,3,1743.0
3643,1238,302,5,4250.9
3644,1238,758,4,870.04
3645,1238,199,2,818.38
3646,1239,391,1,465.3
3647,1240,552,5,3249.25
3648,1240,389,4,2135.92
3649,1240,436,5,2982.3
3650,1240,375,5,2378.2
3651,1241,206,2,117.1
3652,1241,682,1,355.09
3653,1241,125,3,312.48
3654,1241,199,1,409.19
3655,1241,376,1,492.06
3656,1242,560,5,200.7
3657,1242,187,4,2318.44
3658,1243,56,3,1010.22
3659,1243,153,3,717.87
3660,1244,227,4,1851.96
3661,1245,24,1,263.46
3662,1245,539,1,982.09
3663,1245,692,4,663.72
3664,1245,263,5,800.4
3665,1246,317,4,2101.2
3666,1246,471,2,225.74
3667,1246,172,2,538.3
3668,1247,85,4,1354.76
3669,1247,725,4,1728.72
3670,1247,797,2,581.84
3671,1248,452,4,1871.6
3672,1248,341,3,1628.97
3673,1248,268,5,1505.9
3674,1249,120,1,505.28
3675,1250,393,2,1224.06
3676,1250,348,1,329.36
3677,1250,267,5,1589.6
3678,1251,756,5,3972.55
3679,1251,381,3,2084.16
3680,1252,296,2,1432.22
3681,1252,519,1,411.23
3682,1253,164,3,798.39
3683,1254,637,4,3909.56
3684,1254,18,4,875.24
3685,1254,670,2,1332.04
3686,1254,299,2,416.0
3687,1254,537,5,4265.0
3688,1255,156,3,1532.85
3689,1255,264,4,3329.84
3690,1255,380,5,1461.85
3691,1256,39,2,1942.62
3692,1256,24,1,263.46
3693,1256,370,1,460.34
3694,1256,765,4,2451.68
3695,1257,608,4,3844.2
3696,1257,626,2,153.26
3697,1257,288,3,271.77
3698,1258,209,3,115.92
3699,1258,181,4,3705.68
3700,1259,398,2,469.04
3701,1260,339,4,156.0
3702,1261,666,1,120.88
3703,1262,181,2,1852.84
3704,1262,408,1,639.91
3705,1262,318,1,633.03
3706,1262,215,2,379.02
3707,1263,503,1,727.4
3708,1264,168,3,349.41
3709,1264,638,4,2431.48
3710,1264,664,5,1547.55
3711,1264,45,4,3239.04
3712,1265,654,2,1881.82
3713,1265,673,2,143.64
3714,1266,370,4,1841.36
3715,1266,743,4,272.6
3716,1266,780,4,3189.96
3717,1266,629,3,1161.03
3718,1267,439,2,1637.5
3719,1267,768,2,878.08
3720,1267,716,1,200.69
3721,1267,49,3,1973.76
3722,1267,228,1,178.82
3723,1268,432,2,612.28
3724,1268,594,5,2183.0
3725,1268,43,1,646.63
3726,1269,490,3,286.62
3727,1269,203,1,247.71
3728,1269,8,5,908.5
3729,1269,631,5,638.55
3730,1269,453,4,2870.92
3731,1270,67,4,2324.24
3732,1270,471,3,338.61
3733,1270,550,3,343.74
3734,1270,157,3,2370.48
3735,1270,42,4,2570.68
3736,1271,498,4,3220.68
3737,1271,164,5,1330.65
3738,1271,62,5,3073.2
3739,1272,444,3,354.15
3740,1272,705,1,77.54
3741,1273,369,1,228.76
3742,1273,495,2,980.02
3743,1273,341,5,2714.95
3744,1274,368,3,1062.24
3745,1275,747,5,3218.6
3746,1275,742,5,521.55
3747,1275,512,3,2123.19
3748,1276,604,2,1724.98
3749,1276,351,4,1608.52
3750,1276,456,4,978.64
3751,1276,473,3,466.05
3752,1277,504,1,289.63
3753,1277,575,5,2150.45
3754,1277,463,1,456.96
3755,1277,552,5,3249.25
3756,1278,283,3,2140.2
3757,1278,628,4,241.84
3758,1278,127,5,2975.15
3759,1278,592,1,270.08
3760,1279,198,3,1837.71
3761,1279,469,1,582.64
3762,1279,505,2,1580.62
3763,1280,90,2,877.66
3764,1281,569,3,2383.77
3765,1281,657,3,1708.83
3766,1282,441,5,1368.95
3767,1282,525,5,1768.1
3768,1282,688,5,4638.25
3769,1283,205,4,1459.2
3770,1283,467,2,1408.46
3771,1283,222,2,1609.64
3772,1283,599,3,142.2
3773,1283,9,5,361.15
3774,1284,523,4,2197.76
3775,1285,702,1,362.87
3776,1285,94,2,963.04
3777,1285,161,4,992.76
3778,1285,13,3,2417.94
3779,1286,249,3,2022.81
3780,1286,209,3,115.92
3781,1286,380,2,584.74
3782,1286,277,3,2832.48
3783,1287,405,5,2197.95
3784,1288,759,4,2837.44
3785,1288,455,4,2780.24
3786,1288,564,5,1944.55
3787,1288,425,3,124.14
3788,1289,394,5,4044.25
3789,1290,668,3,2495.79
3790,1291,336,2,247.2
3791,1291,796,2,285.72
3792,1291,781,1,219.1
3793,1292,512,1,707.73
3794,1292,375,3,1426.92
3795,1293,520,3,116.52
3796,1293,569,1,794.59
3797,1293,323,4,2575.6
3798,1293,115,3,192.6
3799,1294,763,3,169.92
3800,1294,678,3,163.44
3801,1294,14,3,717.45
3802,1294,628,2,120.92
3803,1295,573,5,979.4
3804,1295,112,4,3072.84
3805,1295,438,3,1356.48
3806,1295,624,3,1099.14
3807,1295,105,3,2846.31
3808,1296,798,4,478.08
3809,1297,582,2,1892.24
3810,1297,618,5,1226.55
3811,1297,91,5,3371.7
3812,1297,133,1,987.41
3813,1298,581,5,2858.7
3814,1299,448,3,2617.38
3815,1299,134,5,1926.55
3816,1299,717,4,3705.96
3817,1299,245,4,3752.84
3818,1300,148,5,3470.35
3819,1300,341,4,2171.96
3820,1301,773,1,119.81
3821,1301,225,2,976.5
3822,1302,6,1,796.47
3823,1303,266,3,2094.93
3824,1304,473,4,621.4
3825,1304,555,3,1359.48
3826,1304,28,1,36.91
3827,1305,506,3,2450.46
3828,1305,605,2,974.76
3829,1306,524,1,970.19
3830,1307,210,2,177.7
3831,1307,447,2,1794.9
3832,1307,120,3,1515.84
3833,1308,632,5,1891.9
3834,1309,752,5,2158.5
3835,1309,248,2,520.5
3836,1309,41,3,1383.96
3837,1309,584,4,309.84
3838,1309,492,2,180.92
3839,1310,143,1,275.55
3840,1310,705,4,310.16
3841,1311,345,4,2597.32
3842,1311,322,5,308.5
3843,1312,619,5,435.65
3844,1312,390,1,537.23
3845,1312,261,4,3857.8
3846,1312,644,3,1834.32
3847,1313,100,4,2875.24
3848,1313,288,2,181.18
3849,1313,48,5,3950.4
3850,1314,190,2,1385.22
3851,1314,669,1,221.74
3852,1314,166,2,1715.66
3853,1314,693,2,1959.04
3854,1314,322,3,185.1
3855,1315,124,3,2223.54
3856,1315,465,4,2671.4
3857,1315,768,3,1317.12
3858,1316,460,3,1182.06
3859,1316,422,4,1573.56
3860,1317,18,1,218.81
3861,1318,335,2,1876.4
3862,1318,38,3,1630.89
3863,1319,800,5,2584.95
3864,1319,637,5,4886.95
3865,1319,183,3,2537.13
3866,1319,542,5,277.6
3867,1319,203,2,495.42
3868,1320,701,5,2977.1
3869,1321,340,2,1167.02
3870,1321,416,1,21.32
3871,1321,746,4,3535.36
3872,1322,305,4,260.6
3873,1322,729,3,2047.8
3874,1322,113,1,725.12
3875,1323,192,3,831.81
3876,1323,433,5,2101.15
3877,1323,63,1,925.58
3878,1323,258,2,115.38
3879,1324,20,1,706.68
3880,1324,92,5,3596.25
3881,1324,438,1,452.16
3882,1325,542,5,277.6
3883,1325,96,1,841.04
3884,1326,418,3,385.08
3885,1326,734,1,648.19
3886,1326,370,5,2301.7
3887,1326,69,5,4626.3
3888,1327,100,3,2156.43
3889,1327,2,4,150.92
3890,1327,67,1,581.06
3891,1327,340,5,2917.55
3892,1327,800,4,2067.96
3893,1328,600,2,1229.88
3894,1328,570,2,608.44
3895,1328,604,3,2587.47
3896,1328,637,5,4886.95
3897,1329,151,1,631.59
3898,1329,521,4,2562.08
3899,1329,13,2,1611.96
3900,1329,697,1,109.64
3901,1330,410,5,4507.7
3902,1330,726,4,3699.44
3903,1330,392,4,3342.44
3904,1330,621,1,262.89
3905,1331,15,2,1543.08
3906,1331,617,3,1524.87
3907,1331,240,1,336.42
3908,1331,134,5,1926.55
3909,1332,713,5,3053.6
3910,1332,234,2,1590.52
3911,1332,293,4,3109.72
3912,1332,233,3,2383.05
3913,1332,124,1,741.18
3914,1333,533,1,583.03
3915,1334,653,3,2967.45
3916,1334,661,4,2278.64
3917,1334,281,4,2401.64
3918,1334,602,2,1380.8
3919,1334,87,3,2158.56
3920,1335,546,5,3817.65
3921,1335,92,2,1438.5
3922,1335,681,4,389.2
3923,1336,482,5,2253.95
3924,1336,183,5,4228.55
3925,1337,498,4,3220.68
3926,1337,196,4,3789.4
3927,1337,502,1,243.97
3928,1337,7,4,1338.08
3929,1337,541,4,1558.84
3930,1338,346,4,1361.8
3931,1338,276,5,1399.3
3932,1339,568,4,1071.48
3933,1340,427,3,2953.92
3934,1340,152,1,139.61
3935,1341,22,4,2016.8
3936,1341,528,4,3259.72
3937,1342,662,5,3151.65
3938,1342,54,4,1601.36
3939,1343,674,5,3646.4
3940,1343,388,4,2348.28
3941,1343,637,2,1954.78
3942,1343,800,5,2584.95
3943,1344,541,3,1169.13
3944,1345,359,4,259.96
3945,1345,149,1,688.39
3946,1346,61,4,2788.64
3947,1346,410,2,1803.08
3948,1346,542,4,222.08
3949,1347,667,4,128.52
3950,1347,682,2,710.18
3951,1348,64,5,2193.6
3952,1348,753,4,444.84
3953,1348,575,5,2150.45
3954,1348,540,3,516.93
3955,1348,32,3,1309.26
3956,1349,647,1,467.15
3957,1349,287,2,1727.48
3958,1349,269,2,336.04
3959,1349,509,4,406.76
3960,1349,186,1,941.49
3961,1350,326,3,944.79
3962,1350,48,4,3160.32
3963,1350,222,2,1609.64
3964,1350,625,2,1712.74
3965,1351,207,2,267.64
3966,1351,338,2,296.7
3967,1351,498,5,4025.85
3968,1351,534,1,674.49
3969,1351,431,2,180.48
3970,1352,635,2,1401.1
3971,1352,681,5,486.5
3972,1352,64,3,1316.16
3973,1352,583,5,2120.85
3974,1352,701,5,2977.1
3975,1353,264,4,3329.84
3976,1353,316,4,1833.96
3977,1354,613,3,2881.53
3978,1354,737,4,3562.92
3979,1354,709,3,1819.92
3980,1354,224,1,748.38
3981,1354,590,5,3192.95
3982,1355,481,2,1495.38
3983,1355,118,2,1600.6
3984,1355,27,5,1662.05
3985,1355,39,2,1942.62
3986,1356,185,5,2492.0
3987,1356,120,4,2021.12
3988,1356,358,3,2502.21
3989,1356,547,4,2877.16
3990,1356,683,4,818.44
3991,1357,559,4,3812.48
3992,1357,496,2,1393.4
3993,1358,178,4,3499.4
3994,1358,253,5,1493.55
3995,1359,342,2,1654.02
3996,1359,443,5,4326.15
3997,1359,768,3,1317.12
3998,1359,124,2,1482.36
3999,1360,354,2,1038.68
4000,1361,135,1,190.58
4001,1361,318,5,3165.15
4002,1361,595,1,94.87
4003,1361,243,4,3984.52
4004,1362,652,4,987.96
4005,1362,45,3,2429.28
4006,1362,567,1,334.22
4007,1362,109,1,818.66
4008,1362,247,2,1482.16
4009,1363,102,2,501.08
4010,1363,143,3,826.65
4011,1363,9,4,288.92
4012,1363,260,5,1231.55
4013,1363,739,1,721.55
4014,1364,620,2,1407.58
4015,1364,397,4,1864.96
4016,1364,369,2,457.52
4017,1364,518,2,475.82
4018,1365,662,5,3151.65
4019,1365,314,1,805.01
4020,1365,295,4,388.76
4021,1366,145,5,4983.7
4022,1366,689,5,4724.2
4023,1366,607,2,1414.18
4024,1366,522,4,937.8
4025,1366,275,4,416.92
4026,1367,130,5,3855.0
4027,1367,669,4,886.96
4028,1367,678,4,217.92
4029,1367,792,2,1793.42
4030,1367,547,2,1438.58
4031,1368,499,1,77.6
4032,1368,59,2,968.54
4033,1368,287,4,3454.96
4034,1368,50,1,464.6
4035,1368,575,3,1290.27
4036,1369,155,3,2754.84
4037,1370,700,3,1479.45
4038,1370,105,3,2846.31
4039,1370,731,5,303.55
4040,1371,454,5,4862.7
4041,1372,439,4,3275.0
4042,1372,81,5,4136.2
4043,1372,164,5,1330.65
4044,1373,135,4,762.32
4045,1373,66,5,2638.05
4046,1373,636,5,2733.2
4047,1373,389,2,1067.96
4048,1373,770,2,1902.34
4049,1374,734,5,3240.95
4050,1374,736,1,273.27
4051,1374,621,3,788.67
4052,1374,693,2,1959.04
4053,1375,554,1,122.8
4054,1375,235,4,2837.64
4055,1375,138,4,806.8
4056,1375,616,3,1167.18
4057,1376,298,1,14.43
4058,1376,647,3,1401.45
4059,1376,113,1,725.12
4060,1376,385,4,644.96
4061,1376,227,1,462.99
4062,1377,243,1,996.13
4063,1377,336,2,247.2
4064,1378,641,4,1428.4
4065,1378,220,5,469.8
4066,1378,577,3,2382.78
4067,1379,591,3,110.46
4068,1379,519,2,822.46
4069,1380,342,4,3308.04
4070,1380,505,2,1580.62
4071,1380,290,1,976.2
4072,1380,192,2,554.54
4073,1380,450,1,532.63
4074,1381,471,4,451.48
4075,1382,344,2,1349.9
4076,1382,447,1,897.45
4077,1383,521,2,1281.04
4078,1384,6,3,2389.41
4079,1384,309,3,659.19
4080,1384,796,2,285.72
4081,1384,735,1,222.81
4082,1384,471,1,112.87
4083,1385,612,4,3413.76
4084,1385,182,1,761.5
4085,1385,307,3,2595.42
4086,1385,65,1,69.62
4087,1386,339,1,39.0
4088,1386,590,1,638.59
4089,1387,218,5,3959.0
4090,1388,183,2,1691.42
4091,1389,130,5,3855.0
4092,1389,794,2,1112.56
4093,1389,635,1,700.55
4094,1390,371,2,436.3
4095,1391,486,4,1844.88
4096,1392,744,1,84.71
4097,1392,396,3,743.52
4098,1393,363,5,1056.95
4099,1394,44,4,1448.72
4100,1394,573,2,391.76
4101,1394,794,2,1112.56
4102,1394,403,1,946.02
4103,1394,76,2,344.28
4104,1395,774,1,870.52
4105,1395,160,1,828.1
4106,1395,563,1,921.39
4107,1395,607,2,1414.18
4108,1396,151,2,1263.18
4109,1396,202,2,696.1
4110,1396,317,1,525.3
4111,1396,129,2,983.02
4112,1397,198,2,1225.14
4113,1398,795,2,1612.34
4114,1398,725,1,432.18
4115,1398,721,1,637.9
4116,1398,678,3,163.44
4117,1398,180,2,958.6
4118,1399,297,4,571.92
4119,1399,167,5,4701.8
4120,1399,782,2,552.72
4121,1399,171,4,3653.08
4122,1399,614,3,2683.53
4123,1400,152,1,139.61
4124,1400,278,5,4730.5
4125,1400,453,5,3588.65
4126,1401,544,2,203.6
4127,1402,181,4,3705.68
4128,1402,370,5,2301.7
4129,1402,76,1,172.14
4130,1402,192,1,277.27
4131,1402,418,5,641.8
4132,1403,776,2,1911.08
4133,1403,285,5,1058.75
4134,1403,721,2,1275.8
4135,1404,189,3,1374.51
4136,1404,491,5,3704.15
4137,1404,44,2,724.36
4138,1404,405,3,1318.77
4139,1405,751,4,1844.48
4140,1405,683,5,1023.05
4141,1405,488,4,96.52
4142,1405,539,4,3928.36
4143,1406,39,3,2913.93
4144,1407,321,3,635.79
4145,1407,494,4,2648.76
4146,1407,767,2,418.94
4147,1408,565,4,2058.72
4148,1408,599,5,237.0
4149,1408,441,2,547.58
4150,1408,490,3,286.62
4151,1408,497,5,1917.6
4152,1409,33,5,2113.0
4153,1409,457,3,358.5
4154,1409,728,4,1594.12
4155,1409,467,2,1408.46
4156,1410,388,5,2935.35
4157,1410,259,4,1875.76
4158,1410,153,3,717.87
4159,1411,788,4,2752.24
4160,1411,133,5,4937.05
4161,1411,23,3,2710.47
4162,1411,248,1,260.25
4163,1411,356,4,3403.48
4164,1412,521,1,640.52
4165,1412,673,2,143.64
4166,1412,537,4,3412.0
4167,1413,114,3,1612.77
4168,1413,434,1,306.6
4169,1413,66,1,527.61
4170,1414,163,3,625.05
4171,1415,318,3,1899.09
4172,1415,692,2,331.86
4173,1415,192,5,1386.35
4174,1415,756,1,794.51
4175,1416,510,3,1957.32
4176,1416,253,3,896.13
4177,1416,294,2,1733.04
4178,1417,549,2,1162.0
4179,1417,135,5,952.9
4180,1417,455,4,2780.24
4181,1417,671,4,1667.52
4182,1418,755,3,2633.79
4183,1419,188,5,4004.5
4184,1420,33,5,2113.0
4185,1420,564,5,1944.55
4186,1420,417,3,2330.31
4187,1421,48,2,1580.16
4188,1422,743,5,340.75
4189,1422,524,4,3880.76
4190,1423,97,5,4791.15
4191,1423,208,4,3662.2
4192,1423,439,2,1637.5
4193,1424,514,2,550.62
4194,1424,138,1,201.7
4195,1424,178,2,1749.7
4196,1424,467,5,3521.15
4197,1425,96,2,1682.08
4198,1425,788,5,3440.3
4199,1425,128,1,480.41
4200,1425,263,4,640.32
4201,1425,543,5,1062.45
4202,1426,617,5,2541.45
4203,1426,504,5,1448.15
4204,1426,478,3,2985.57
4205,1427,382,4,1581.04
4206,1428,225,2,976.5
4207,1428,107,5,454.45
4208,1428,642,1,938.16
4209,1428,52,4,1925.72
4210,1429,2,3,113.19
4211,1430,769,2,1160.74
4212,1431,656,2,1641.8
4213,1432,156,3,1532.85
4214,1433,397,1,466.24
4215,1433,253,5,1493.55
4216,1433,465,5,3339.25
4217,1433,479,5,851.6
4218,1434,619,2,174.26
4219,1435,232,2,390.88
4220,1435,766,3,2429.58
4221,1435,33,3,1267.8
4222,1435,261,5,4822.25
4223,1436,145,3,2990.22
4224,1436,540,5,861.55
4225,1436,205,3,1094.4
4226,1436,428,3,808.26
4227,1437,651,3,2235.96
4228,1437,670,2,1332.04
4229,1437,16,5,535.75
4230,1438,16,4,428.6
4231,1438,572,3,771.72
4232,1438,617,2,1016.58
4233,1438,271,5,613.8
4234,1438,597,1,178.94
4235,1439,188,2,1601.8
4236,1439,387,5,758.7
4237,1440,482,4,1803.16
4238,1440,128,3,1441.23
4239,1440,269,2,336.04
4240,1440,47,1,863.91
4241,1441,114,2,1075.18
4242,1441,22,5,2521.0
4243,1441,459,1,455.15
4244,1441,227,3,1388.97
4245,1442,317,2,1050.6
4246,1443,754,4,1283.0
4247,1443,29,4,1799.16
4248,1444,682,3,1065.27
4249,1444,331,2,1371.92
4250,1445,149,1,688.39
4251,1445,769,2,1160.74
4252,1446,591,3,110.46
4253,1447,641,3,1071.3
4254,1447,23,5,4517.45
4255,1447,362,1,615.67
4256,1448,617,4,2033.16
4257,1449,20,1,706.68
4258,1449,458,5,528.1
4259,1450,642,4,3752.64
4260,1450,692,4,663.72
4261,1450,244,4,2664.08
4262,1451,166,1,857.83
4263,1451,381,4,2778.88
4264,1451,310,1,190.66
4265,1451,375,4,1902.56
4266,1451,579,1,55.83
4267,1452,689,2,1889.68
4268,1452,459,4,1820.6
4269,1452,719,1,701.33
4270,1452,205,4,1459.2
4271,1452,414,2,28.74
4272,1453,685,1,542.45
4273,1454,102,1,250.54
4274,1455,462,2,294.9
4275,1455,546,2,1527.06
4276,1456,34,5,3164.0
4277,1457,346,5,1702.25
4278,1457,573,5,979.4
4279,1457,188,3,2402.7
4280,1457,58,2,770.92
4281,1457,616,3,1167.18
4282,1458,519,1,411.23
4283,1458,35,3,947.58
4284,1459,257,2,1883.38
4285,1460,127,2,1190.06
4286,1460,293,3,2332.29
4287,1460,539,2,1964.18
4288,1460,404,1,910.04
4289,1461,306,1,647.92
4290,1461,106,4,3953.28
4291,1461,80,1,561.7
4292,1461,445,3,1423.62
4293,1461,649,4,2110.64
4294,1462,265,1,440.85
4295,1462,670,1,666.02
4296,1462,797,1,290.92
4297,1462,466,4,3142.2
4298,1462,430,1,666.88
4299,1463,201,1,679.4
4300,1463,69,4,3701.04
4301,1464,183,5,4228.55
4302,1464,110,2,553.18
4303,1464,265,2,881.7
4304,1464,605,2,974.76
4305,1465,535,5,1659.95
4306,1465,200,2,1726.74
4307,1465,486,4,1844.88
4308,1465,95,2,891.56
4309,1465,235,5,3547.05
4310,1466,651,1,745.32
4311,1466,680,3,2834.28
4312,1467,798,4,478.08
4313,1467,448,5,4362.3
4314,1467,256,4,2809.2
4315,1467,529,2,219.66
4316,1467,280,5,3963.6
4317,1468,663,3,2264.46
4318,1468,262,5,1995.15
4319,1468,575,2,860.18
4320,1468,148,5,3470.35
4321,1468,81,4,3308.96
4322,1469,319,1,117.11
4323,1469,326,4,1259.72
4324,1469,440,3,1831.95
4325,1469,266,2,1396.62
4326,1469,360,1,404.37
4327,1470,80,3,1685.1
4328,1470,30,1,376.01
4329,1471,234,3,2385.78
4330,1471,465,5,3339.25
4331,1471,291,3,2564.52
4332,1471,130,1,771.0
4333,1471,339,4,156.0
4334,1472,191,1,363.76
4335,1472,448,4,3489.84
4336,1472,112,3,2304.63
4337,1473,270,5,4833.55
4338,1473,308,4,2168.48
4339,1473,632,4,1513.52
4340,1473,742,2,208.62
4341,1474,749,3,1784.43
4342,1475,690,3,1663.08
4343,1475,120,1,505.28
4344,1476,762,2,920.04
4345,1476,448,5,4362.3
4346,1476,687,2,1868.86
4347,1476,724,2,1152.48
4348,1477,292,5,1248.9
4349,1477,146,2,710.32
4350,1478,719,2,1402.66
4351,1479,547,5,3596.45
4352,1479,64,5,2193.6
4353,1479,265,1,440.85
4354,1479,755,5,4389.65
4355,1480,716,2,401.38
4356,1480,639,2,1716.58
4357,1480,362,4,2462.68
4358,1480,570,3,912.66
4359,1480,451,5,2992.25
4360,1481,686,2,979.24
4361,1482,750,3,2396.16
4362,1482,497,5,1917.6
4363,1483,162,2,996.98
4364,1483,521,1,640.52
4365,1483,728,5,1992.65
4366,1484,429,1,502.76
4367,1484,332,1,132.33
4368,1484,443,4,3460.92
4369,1485,154,4,2983.28
4370,1485,789,5,1412.65
4371,1485,199,1,409.19
4372,1486,565,5,2573.4
4373,1486,155,4,3673.12
4374,1486,675,1,923.45
4375,1486,255,3,1570.41
4376,1487,121,1,794.93
4377,1488,419,3,2672.28
4378,1488,542,3,166.56
4379,1489,136,3,2164.53
4380,1489,609,5,2108.3
4381,1489,260,4,985.24
4382,1490,613,4,3842.04
4383,1490,19,5,4803.5
4384,1490,256,2,1404.6
4385,1490,649,1,527.66
4386,1491,314,5,4025.05
4387,1492,705,4,310.16
4388,1492,377,3,342.78
4389,1492,663,4,3019.28
4390,1492,505,2,1580.62
4391,1492,64,4,1754.88
4392,1493,225,1,488.25
4393,1493,341,4,2171.96
4394,1493,480,4,201.16
4395,1493,287,3,2591.22
4396,1494,154,4,2983.28
4397,1494,288,3,271.77
4398,1494,564,4,1555.64
4399,1495,149,3,2065.17
4400,1495,39,3,2913.93
4401,1496,314,5,4025.05
4402,1496,155,2,1836.56
4403,1497,322,1,61.7
4404,1497,767,4,837.88
4405,1497,709,4,2426.56
4406,1498,328,3,284.13
4407,1498,231,3,51.3
4408,1498,125,5,520.8
4409,1498,596,4,2484.44
4410,1499,218,1,791.8
4411,1499,341,3,1628.97
4412,1499,770,5,4755.85
4413,1499,702,2,725.74
4414,1499,297,1,142.98
4415,1500,221,5,4738.35
4416,1500,425,2,82.76
4417,1500,583,3,1272.51
